mirna_sequence	mirna_id	n_bg	E_bg_mean	E_bg_sd	E_hybrid_bg_mean	E_hybrid_bg_sd
AAAAACCACAAUUACUUUUGCACCA	mir1	100	-3.1163	2.209857	-5.9676	3.439251
AAAAACUGAGACUACUUUUGCA	mir2	100	-3.7284	2.417108	-6.3911	3.148978
AAAAACUGCAAUCACUUUUGC	mir3	100	-2.8505	2.354772	-5.3011	3.287908
AAAAACUGUAAUUACUUUU	mir4	100	-1.5547	1.895359	-3.296	2.254094
AAAAACUGUGAUUACUUUUGC	mir5	100	-2.7923	1.968538	-5.0126	2.563824
AAAACCGUCUAGUUACAGUUGU	mir6	100	-3.6046	2.115217	-6.3242	2.806349
AAAACUAGGACUGUGUGGUGUA	mir7	100	-5.6683	2.61348	-8.7719	3.345695
AAAACUGCAGUUACUUUUGC	mir8	100	-3.5081	2.161006	-5.8242	2.968813
AAAACUGUAAUUACUUUUGUAC	mir9	100	-2.1762	1.810103	-4.2695	2.381427
AAAAGCACUUUUCUGUCUCCCAG	mir10	100	-3.8799	3.097316	-7.3467	4.33816
AAAAGCUGGGCUGAGAGGCG	mir11	100	-6.9923	3.430081	-10.3386	3.968301
AAAAGCUGGGUUGAGAGGA	mir12	100	-6.0232	3.191452	-8.9196	3.253033
AAAAGCUGGGUUGAGAGGGCAA	mir13	100	-7.3818	3.454438	-10.9646	3.515302
AAAAGCUGGGUUGAGAGGGCGA	mir14	100	-7.4714	3.677014	-10.8749	3.761951
AAAAGCUGGGUUGAGAGGGU	mir15	100	-6.4309	3.384099	-9.5076	3.582925
AAAAGGCAUUGUGGUUUUUG	mir16	100	-4.6773	2.560203	-7.4739	2.929188
AAAAGGCGGGAGAAGCCCCA	mir17	100	-6.1624	3.106939	-9.376	3.807885
AAAAGUAACUGCGGUUUUUGA	mir18	100	-4.087	2.199501	-6.4971	2.549716
AAAAGUAACUGCGGUUUUUGCCU	mir19	100	-4.9101	2.437347	-8.041	3.3839
AAAAGUAAUCACUGUUUUUGCC	mir20	100	-3.2876	2.338115	-5.7369	2.926437
AAAAGUAAUCGCGGUUUUUGUC	mir21	100	-3.5932	1.832187	-5.9452	2.313251
AAAAGUAAUUGCAGUUUUUGC	mir22	100	-3.3281	2.185888	-5.4917	2.569018
AAAAGUAAUUGCGAGUUUUACC	mir23	100	-3.3573	1.904877	-5.4851	2.465539
AAAAGUAAUUGCGGAUUUUGCC	mir24	100	-4.0857	2.085082	-6.5186	2.584748
AAAAGUAAUUGCGGGUUUUGCC	mir25	100	-5.0062	2.666129	-8.0844	3.201441
AAAAGUAAUUGCGGUCUUU	mir26	100	-3.9108	2.32447	-5.9273	2.77984
AAAAGUAAUUGCGGUCUUUGGU	mir27	100	-4.9451	2.337891	-7.75	2.945313
AAAAGUAAUUGCGGUUUUUGC	mir28	100	-3.8114	2.283824	-5.8874	2.739419
AAAAGUAAUUGCGGUUUUUGCC	mir29	100	-4.3312	2.131591	-6.6934	2.640259
AAAAGUAAUUGUGGAUUUUGCU	mir30	100	-4.0029	2.070872	-6.4038	2.607123
AAAAGUAAUUGUGGUUUUGGCC	mir31	100	-4.8492	2.22484	-7.8743	3.006466
AAAAGUAAUUGUGGUUUUUG	mir32	100	-3.3067	1.969148	-5.3961	2.247709
AAAAGUAAUUGUGGUUUUUGC	mir33	100	-3.6292	1.9986	-5.8897	2.417125
AAAAGUAAUUGUGGUUUUUGCC	mir34	100	-4.085	2.166055	-6.6754	2.715303
AAAAGUACUUGCGGAUUU	mir35	100	-3.7361	2.060876	-5.9292	2.520097
AAAAGUACUUGCGGAUUUUGCU	mir36	100	-4.5814	2.346051	-7.461	3.037061
AAAAGUAUUUGCGGGUUUUGUC	mir37	100	-5.1551	2.819544	-7.8638	3.199284
AAAAGUGCUUACAGUGCAGGUAG	mir38	100	-5.6483	2.706025	-9.2063	3.708796
AAAAUGAAAUGAGCCCAGCCCA	mir39	100	-3.8633	2.483144	-7.3122	3.932079
AAAAUGGUUCCCUUUAGAGUGU	mir40	100	-4.119	2.277478	-6.9562	3.121688
AAACCGUUACCAUUACUGAGUU	mir41	100	-2.8485	2.270359	-5.5824	3.137007
AAACCUGUGUUGUUCAAGAGUC	mir42	100	-4.5189	2.387708	-7.5215	2.992084
AAACUAAUAUACCCAUAUUCUG	mir43	100	-1.7276	2.027248	-4.0945	2.916818
AAACUCUACUUGUCCUUCUGAGU	mir44	100	-3.5325	2.683364	-6.9139	4.318228
AAAGACAUAGGAUAGAGUCACCUC	mir45	100	-4.519	2.505181	-7.7332	3.053254
AAAGAUAGACAAUUGGCUAAAU	mir46	100	-3.691	2.537435	-5.8402	3.211743
AAAGCAAAUGUUGGGUGAACGGC	mir47	100	-5.362	2.777636	-8.7678	3.060974
AAAGCACCUCCAGAGCUUGAAGC	mir48	100	-5.0501	2.603458	-8.7088	4.022253
AAAGCUGGGUUGAGAAGG	mir49	100	-5.5016	2.813613	-8.1051	3.009114
AAAGGAAAGUGUAUCCUAAAAG	mir50	100	-3.4094	2.165805	-5.623	2.705286
AAAGGAGGAAAUAGGCAGGCCA	mir51	100	-6.3444	3.554528	-9.5948	4.103413
AAAGGUAAUUGCAGUUUUUCCC	mir52	100	-4.3549	2.287064	-7.287	3.333474
AAAGGUAAUUGUGGUUUCUGC	mir53	100	-4.8291	2.418806	-7.659	3.00364
AAAGGUGCUCAAAUUAGACAU	mir54	100	-4.1001	2.270316	-6.6369	2.891042
AAAGUAGCUGUACCAUUUGC	mir55	100	-4.2105	2.545888	-6.9974	3.243812
AAAGUCUCGCUCUCUGCCCCUCA	mir56	100	-4.2519	3.757666	-7.9333	5.590657
AAAGUGCUUCCCUUUGGACUGU	mir57	100	-4.85	2.661426	-8.4349	4.012777
AAAGUGCUUCCUUUUUGAGGG	mir58	100	-5.0356	2.561308	-8.1726	3.421386
AAAGUGCUUCUCUUUGGUGGGU	mir59	100	-6.2889	3.097281	-9.61	3.935624
AAAGUUCUGAGACACUCCGACU	mir60	100	-4.3101	2.762811	-7.1444	3.397106
AAAUAUAUAUAUAUAUGUACGUAU	mir61	100	-1.1429	1.51538	-2.6652	2.210799
AAAUAUGAUGAAACUCACAGCUGAG	mir62	100	-4.2117	2.292741	-7.3171	3.141023
AAAUCUCUGCAGGCAAAUGUGA	mir63	100	-4.8265	2.142329	-7.53	3.13552
AAAUGGGUGGUCUGAGGCAA	mir64	100	-7.0423	3.343142	-10.331	3.516519
AAAUGUCACCUUUUUGAGAGGA	mir65	100	-4.0207	2.124432	-6.6989	2.798354
AACAAUAUCCUGGUGCUGAGUG	mir66	100	-5.9974	2.716379	-9.5497	3.637947
AACACACCUAUUCAAGGAUUCA	mir67	100	-3.1615	2.49587	-5.5837	3.356316
AACACACCUGGUUAACCUCUUU	mir68	100	-3.9565	2.402979	-7.0643	3.727786
AACACUGGCCUUGCUAUCCCCA	mir69	100	-4.861	3.670243	-8.6243	5.100739
AACAUCACAGCAAGUCUGUGCU	mir70	100	-4.8258	2.682637	-7.9382	3.227892
AACAUCACUGCAAGUCUUAACA	mir71	100	-3.4276	2.506115	-6.5022	3.164999
AACAUUCAACCUGUCGGUGAGU	mir72	100	-4.7925	2.360675	-7.6563	3.497934
AACAUUCAACGCUGUCGGUGAGU	mir73	100	-5.3203	2.657799	-8.5405	3.65786
AACAUUCAUUGCUGUCGGUGGGU	mir74	100	-6.5829	2.923141	-9.9574	3.605105
AACAUUCAUUGUUGUCGGUGGGU	mir75	100	-5.8698	2.86242	-8.9652	3.405806
AACCACUUUCUUUGCUCAUCCA	mir76	100	-3.7123	3.192748	-7.0301	4.299537
AACCAUCGACCGUUGAGUGGAC	mir77	100	-4.7196	2.127643	-8.0038	3.221638
AACCCGUAGAUCCGAACUUGUG	mir78	100	-3.9141	2.910369	-6.8601	3.894214
AACCCGUAGAUCCGAUCUUGUG	mir79	100	-4.0303	2.949962	-7.1397	4.084807
AACUAGCUCUGUGGAUCCUGAC	mir80	100	-5.4044	2.620746	-9.1088	3.772634
AACUCCAAACACUCAAAACUCA	mir81	100	-2.02	2.407234	-4.5033	3.242708
AACUCUAGCCUGAGCAACAG	mir82	100	-4.1541	2.401352	-7.3525	3.563858
AACUCUGACCCCUUAGGUUGAU	mir83	100	-4.6455	2.81585	-7.9219	4.217884
AACUGAACCAGGAGUGAGCUUCG	mir84	100	-5.8177	2.50331	-9.4041	3.327467
AACUGGAUCAAUUAUAGGAGUG	mir85	100	-4.0764	1.983115	-6.7124	2.950824
AACUGGCCCUCAAAGUCCCGCU	mir86	100	-4.525	3.162094	-7.9285	4.733527
AACUGGCCUACAAAGUCCCAGU	mir87	100	-4.0134	2.419985	-7.1779	4.116623
AACUGUUUGCAGAGGAAACUGA	mir88	100	-5.3473	2.679285	-7.6718	3.265457
AAGAAGAGACUGAGUCAUCGAAU	mir89	100	-4.3485	2.511958	-7.1316	2.776247
AAGACGGGAGGAAAGAAGGGAG	mir90	100	-5.2744	4.589885	-8.1667	4.669535
AAGAGAACUGAAAGUGGAGCCU	mir91	100	-5.3129	2.753761	-8.5495	3.152299
AAGAGAGGAGCAGUGGUGCUGUGG	mir92	100	-8.7053	4.332651	-12.7629	4.439266
AAGAGGAAGAAAUGGCUGGUUCUCAG	mir93	100	-6.6892	3.331122	-10.0153	4.000084
AAGAUGUGGAAAAAUUGGAAUC	mir94	100	-3.2976	2.385231	-5.4848	2.920317
AAGCAAUACUGUUACCUGAAAU	mir95	100	-3.1628	2.238814	-5.7958	2.92394
AAGCAGCAGUGGCAAGACUCCU	mir96	100	-6.1306	3.241063	-9.7611	4.20664
AAGCAGCUGCCUCUGAGGC	mir97	100	-5.8796	2.665322	-9.7059	4.074857
AAGCAUUCUUUCAUUGGUUGG	mir98	100	-4.4841	2.579061	-7.135	3.234316
AAGCCCUUACCCCAAAAAGCAU	mir99	100	-3.1149	2.970406	-6.0562	4.233824
AAGCCCUUACCCCAAAAAGUAU	mir100	100	-2.7485	2.896059	-5.6258	4.509121
AAGCCUGCCCGGCUCCUCGGG	mir101	100	-6.1842	3.876754	-10.5858	5.971932
AAGCGACCAUGAUGUAACUUCA	mir102	100	-3.5347	2.138169	-6.1831	2.966064
AAGCUCAGGUUUGAGAACUGCUGA	mir103	100	-6.2052	2.755429	-9.8359	3.998905
AAGCUGCCAGUUGAAGAACUGU	mir104	100	-4.8249	2.365105	-8.2625	3.257082
AAGGAGAUGCUCAGGCAGAU	mir105	100	-6.2046	2.79716	-9.6028	3.591522
AAGGAGCUCACAGUCUAUUGAG	mir106	100	-5.3964	2.679857	-9.063	3.958545
AAGGAGCUUACAAUCUAGCUGGG	mir107	100	-5.5269	2.51517	-9.2547	3.872494
AAGGCAGGGCCCCCGCUCCCC	mir108	100	-6.6806	3.429514	-10.4295	5.224638
AAGGCCCGGGCUUUCCUCCCAG	mir109	100	-6.0565	3.085405	-9.9506	5.220101
AAGGCCUUUCUGAACCUUCAGA	mir110	100	-4.4191	3.088351	-7.7007	4.351016
AAGGGCUUCCUCUCUGCAGGAC	mir111	100	-6.189	3.014181	-10.0339	4.480263
AAGGGGGAAGGAAACAUGGAGA	mir112	100	-5.8844	4.414468	-8.7358	4.656254
AAGGUAUUGUUCAGACUUAUGA	mir113	100	-4.325	2.348561	-6.7846	3.03024
AAGGUUUGGAUAGAUGCAAUA	mir114	100	-4.8315	2.647962	-7.5097	3.182574
AAGUAGUUGGUUUGUAUGAGAUGGUU	mir115	100	-5.8656	2.898938	-9.1719	3.532284
AAGUCCCACUAAUGCCAGC	mir116	100	-3.0313	2.5757	-6.0583	3.769129
AAGUCCUGCUUCUGUUGCAG	mir117	100	-4.7361	2.647445	-7.9912	3.888136
AAGUUCUGUUAUACACUCAGGC	mir118	100	-3.9113	2.515302	-6.5734	3.263392
AAGUUGGCUGCAGUUAAGGUGG	mir119	100	-6.5599	3.004216	-10.0306	3.86458
AAUAAUACAUGGUUGAUCUUU	mir120	100	-3.2159	1.800969	-5.4343	2.381267
AAUAGCUCAGAAUGUCAGUUCUG	mir121	100	-4.0763	2.11506	-7.2454	3.449678
AAUCACUAACCACACGGCCAGG	mir122	100	-3.8447	2.584365	-7.284	4.338454
AAUCAGUGAAUGCCUUGAACCU	mir123	100	-4.0755	2.253589	-6.9535	3.328714
AAUCAUACACGGUUGACCUAUU	mir124	100	-3.425	2.09674	-5.9514	2.803689
AAUCAUGUGCAGUGCCAAUAUG	mir125	100	-4.4824	2.489347	-7.4872	3.378018
AAUCCCAAUGCUAGACCCGGUG	mir126	100	-4.4695	2.538111	-7.599	3.951008
AAUCCUUGCUACCUGGGU	mir127	100	-4.6867	2.66952	-8.0148	3.805319
AAUCCUUGGAACCUAGGUGUGAGU	mir128	100	-5.9507	2.686133	-9.5957	3.578031
AAUCCUUUGUCCCUGGGUGAGA	mir129	100	-6.0711	3.09433	-9.6923	4.388934
AAUCUGAGAAGGCGCACAAGGU	mir130	100	-5.3039	2.432221	-8.2718	3.201994
AAUGACACGAUCACUCCCGUUGA	mir131	100	-3.3374	2.414907	-6.2414	3.787095
AAUGAGAGACCUGUACUGUAU	mir132	100	-4.3611	2.525424	-7.2341	3.119652
AAUGCACCCGGGCAAGGAUUCU	mir133	100	-5.8551	2.617393	-9.5672	3.38164
AAUGCACCUGGGCAAGGAUUCA	mir134	100	-6.1735	2.806289	-10.0019	3.641795
AAUGGAUUUUUGGAGCAGG	mir135	100	-4.6602	2.586302	-7.2098	2.821121
AAUGGCGCCACUAGGGUUGUG	mir136	100	-6.1361	2.435229	-10.0348	3.907498
AAUGGCUGUCCGUAGUAUGGUC	mir137	100	-5.6311	2.302315	-9.0152	3.21864
AAUGUGGAAGUGGUCUGAGGCAU	mir138	100	-7.3218	3.726489	-11.1228	3.676295
AAUGUGUAGCAAAAGACAGA	mir139	100	-3.3906	2.225915	-5.7748	2.782568
AAUGUUGGAAUCCUCGCUAGAG	mir140	100	-4.6864	2.019091	-7.5934	3.266483
AAUUACAGAUUGUCUCAGAGA	mir141	100	-3.7431	2.172247	-6.1885	2.922956
AAUUCCCUUGUAGAUAACCCGG	mir142	100	-3.7491	2.32392	-6.5887	3.507078
AAUUCUGUAAAGGAAGAAGAGG	mir143	100	-4.1157	3.030337	-6.2495	3.428353
AAUUGCACGGUAUCCAUCUGUA	mir144	100	-4.1854	2.12765	-7.4444	3.373032
AAUUUGGUUUCUGAGGCACUUAGU	mir145	100	-5.9641	2.761887	-9.2736	3.310439
ACAAAAAAAAAAGCCCAACCCUUC	mir146	100	-2.4046	2.6301	-5.2286	3.819839
ACAACAGUGACUUGCUCUCCAA	mir147	100	-4.6723	2.887746	-8.0521	4.163594
ACAAGGUGUGCAUGCCUGACC	mir148	100	-5.5264	2.430848	-9.2971	3.597191
ACACAUGGGUGGCUGUGGCCU	mir149	100	-7.6972	3.063773	-11.797	3.916801
ACACUUGUUGGGAUGACCUGC	mir150	100	-5.1948	2.193421	-8.3361	3.284886
ACAGAGGACAGUGGAGUGUGAGC	mir151	100	-6.8664	4.064806	-10.4899	4.424406
ACAGAUUCGAUUCUAGGGGAAU	mir152	100	-4.7359	2.695839	-7.6511	3.485308
ACAGCAGGCACAGACAGGCAGU	mir153	100	-5.6998	3.882836	-9.2995	4.857684
ACAGGCAGGAUUGGGGAA	mir154	100	-6.1301	3.726847	-9.0183	4.248722
ACAGGCGGCUGUAGCAAUGGGGG	mir155	100	-7.7868	3.884191	-11.9557	4.45723
ACAGGGCCGCAGAUGGAGACU	mir156	100	-6.719	3.398714	-10.4721	4.242228
ACAGGUCCUAAGAGACUGCAU	mir157	100	-4.9844	2.194654	-7.8195	2.822786
ACAGGUGAGGUUCUUGGGAGCC	mir158	100	-7.5307	3.504204	-11.989	3.919569
ACAGUAGUCUGCACAUUGGUUA	mir159	100	-5.1514	2.584395	-8.4178	3.740783
ACAUCCUGCUCCACAGGGCAGAGG	mir160	100	-7.2371	3.616142	-11.3824	4.576092
ACCAAGUCUGCGUCAUCCUCUC	mir161	100	-4.2696	3.160056	-8.0822	4.652825
ACCACUGACCGUUGACUGUACC	mir162	100	-4.134	3.223003	-6.8824	4.266942
ACCAGCCUGUGUCCACCUCCAG	mir163	100	-4.7504	3.937257	-8.8968	5.585253
ACCAGGAGGCUGAGGCCCCU	mir164	100	-7.6904	3.66352	-11.8626	5.027556
ACCAUCGACCGUUGAUUGUACC	mir165	100	-3.5341	2.285628	-6.3849	3.710154
ACCCAGGUUCCCUCUGGCCGCA	mir166	100	-5.9241	3.100842	-10.5157	5.369824
ACCCCCGGGCAAAGACCUGCAGAU	mir167	100	-5.7392	2.978738	-9.8192	4.350282
ACCCGUCCCGUUCGUCCCCGGA	mir168	100	-3.6902	3.552857	-7.378	5.384522
ACCCUAUCAAUAUUGUCUCUGC	mir169	100	-2.7684	2.2492	-5.7222	3.437386
ACCCUUUUUCUCUUUCCCAG	mir170	100	-2.1154	3.196419	-4.6571	4.284467
ACCGUCUCUUCUGUUCCCCAG	mir171	100	-3.2493	3.279651	-6.4247	5.189114
ACCGUGCAAAGGUAGCAUA	mir172	100	-4.8385	2.016664	-7.7491	2.791203
ACCGUGGCUUUCGAUUGUUACU	mir173	100	-4.8755	2.332582	-8.1267	3.608194
ACCUCCUGUGUGCAUGGAUUA	mir174	100	-5.2575	2.514547	-8.4426	3.220468
ACCUGAGGUUGUGCAUUUCUAA	mir175	100	-5.7757	2.239559	-9.1918	3.290526
ACCUGGCAGCAGGGAGCGUCGU	mir176	100	-7.3775	3.416267	-11.6305	4.410244
ACCUGGCAUACAAUGUAGAUUU	mir177	100	-4.2207	2.210332	-7.0296	3.241874
ACCUGGGUUGUCCCCUCUAG	mir178	100	-5.2021	2.792293	-8.5972	4.289349
ACCUGUCUGUGGAAAGGAGCUA	mir179	100	-5.9392	2.463426	-9.2201	3.187792
ACCUUCCUCUCCAUGGGUCUUU	mir180	100	-4.7903	3.112765	-8.2891	4.517235
ACCUUGCCUUGCUGCCCGGGCC	mir181	100	-6.2421	3.972454	-10.5894	5.915496
ACCUUGGCUCUAGACUGCUUACU	mir182	100	-5.77	3.288289	-9.3924	4.622865
ACGGGCAGGGCAGUGCACCCUG	mir183	100	-8.0793	3.342024	-12.4067	4.618243
ACGGGGAGUCAGGCAGUGGUGGA	mir184	100	-8.6632	4.460498	-12.7975	5.329813
ACGGUGCUGGAUGUGGCCUUU	mir185	100	-7.4454	3.061135	-11.7624	4.153492
ACGUUGGCUCUGGUGGUG	mir186	100	-6.4268	2.994428	-9.3978	3.694695
ACUCAAAACCCUUCAGUGACUU	mir187	100	-3.2783	2.325985	-6.1427	3.495651
ACUCAUUCUCCUCUGUCCAG	mir188	100	-3.2659	2.90282	-6.2253	4.30181
ACUCCAAGAAGAAUCUAGACAG	mir189	100	-3.2777	2.20759	-5.8411	2.878657
ACUCCAGCCCCACAGCCUCAGC	mir190	100	-4.0326	3.552361	-8.2979	5.495551
ACUCGCAUCCUUCCCUUGGCAG	mir191	100	-4.9168	3.445501	-8.3243	5.009954
ACUCGGCGUGGCGUCGGUCGUG	mir192	100	-6.3	3.047128	-10.0522	4.767088
ACUCUUUCCCUGUUGCACUAC	mir193	100	-4.289	3.222688	-7.1523	4.191858
ACUGAAUCCUCUUUUCCUCAG	mir194	100	-2.792	2.899009	-5.8817	4.041735
ACUGACAGGAGAGCAUUUUGA	mir195	100	-5.2282	3.170577	-8.0602	3.912573
ACUGAGCCUCUCUCUCUCCAG	mir196	100	-3.827	3.183892	-7.3952	5.229828
ACUGAUUUCUUUUGGUGUUCAG	mir197	100	-4.4708	2.286824	-7.5697	2.830651
ACUGCAGUGAAGGCACUUGUAG	mir198	100	-6.2469	2.79997	-9.5727	3.691817
ACUGCAUUAUGAGCACUUAAAG	mir199	100	-3.8848	2.420251	-6.3846	3.066966
ACUGCCCUAAGUGCUCCUUCUGG	mir200	100	-5.3184	3.782166	-9.4842	5.39331
ACUGCUGAGCUAGCACUUCCCG	mir201	100	-5.3704	2.606496	-9.2982	4.14878
ACUGGACUAGGAGUCAGAAGG	mir202	100	-5.494	2.823581	-8.7297	3.345408
ACUGGACUUGGAGCCAGAAG	mir203	100	-5.2728	2.310194	-8.7428	3.256087
ACUGGACUUGGAGGCAGAA	mir204	100	-5.9544	2.712756	-8.6373	3.193968
ACUGGACUUGGAGUCAGAAA	mir205	100	-5.0387	2.20878	-7.7539	2.977926
ACUGGACUUGGAGUCAGAAGAGUGG	mir206	100	-6.4435	3.229706	-9.9776	3.96566
ACUGGACUUGGAGUCAGAAGGC	mir207	100	-5.9639	2.68585	-9.2672	3.577571
ACUGGACUUGGAGUCAGGA	mir208	100	-5.1076	2.261087	-8.009	3.065902
ACUGGAUUUGGAGCCAGAA	mir209	100	-5.0787	2.437656	-8.4129	2.963926
ACUGGCAGAACACUGAAGCAGC	mir210	100	-5.2385	2.914392	-8.5225	4.048901
ACUGGCCUGGGACUACCGG	mir211	100	-6.068	2.696996	-9.7245	3.985612
ACUGGGAUGUCACUGAAUAUGGU	mir212	100	-5.2818	2.622199	-8.3742	3.49861
ACUGGGCAGGGCUGUGGUGAGU	mir213	100	-8.8669	3.78031	-13.1584	4.573204
ACUGGGCUUGGAGUCAGAAG	mir214	100	-6.3101	2.601956	-9.7848	3.347204
ACUGGGGAGCAGAAGGAGAACC	mir215	100	-6.9802	3.901087	-10.4004	4.00579
ACUGGGGGCUUUCGGGCUCUGCGU	mir216	100	-8.963	3.747336	-13.2868	5.041981
ACUGGGUAGGUGGGGCUCCAGG	mir217	100	-9.155	3.841367	-13.7947	4.896074
ACUGUAGUAUGGGCACUUCCAG	mir218	100	-5.7949	2.251779	-9.4571	3.149229
ACUGUCACUUCUCUGCCCAUAG	mir219	100	-3.8001	3.446669	-7.4966	5.257991
ACUUGGGCACUGAAACAAUGUCC	mir220	100	-5.2482	2.43846	-8.3703	3.279305
ACUUGGGCAGGAGGGACCCUGUAUG	mir221	100	-8.5641	4.208654	-12.6243	5.318661
ACUUGUAUGCUAGCUCAGGUAG	mir222	100	-5.1989	2.477614	-8.987	3.619477
ACUUUCCUCACUCCCGUGAAGU	mir223	100	-3.4641	2.627128	-6.3107	4.241129
AGAAAGGGUGGCAAUACCUCUU	mir224	100	-5.6956	2.39069	-8.7132	3.207588
AGAACUCUUGCAGUCUUAGAUGU	mir225	100	-4.5744	2.124109	-7.6782	3.109124
AGAAGGAAAUUGAAUUCAUUUA	mir226	100	-2.6626	2.239454	-4.5112	2.406429
AGAAGGCACUAUGAGAUUUAGA	mir227	100	-4.4194	2.645461	-7.1187	3.260038
AGAAGGCCUUUCCAUCUCUGU	mir228	100	-4.3033	2.678004	-7.3932	3.81164
AGAAGGGGUGAAAUUUAAACGU	mir229	100	-4.4365	3.18148	-6.4965	3.331251
AGAAGUAAUUGCGGUUUUGCCA	mir230	100	-5.1171	2.383108	-8.0601	2.982374
AGAAGUGGCUAAUAAUAUUGA	mir231	100	-3.913	2.471513	-6.233	2.804484
AGAAUUCUCUUAUCCAACAUCAACA	mir232	100	-2.4046	2.604789	-4.6868	3.331305
AGAAUUGCGUUUGGACAAUCAGU	mir233	100	-4.4043	2.138708	-7.3503	3.076799
AGAAUUGUGGCUGGACAUCUGU	mir234	100	-5.8551	2.583369	-9.119	3.153926
AGACACAUUUGGAGAGGGAACC	mir235	100	-5.5736	3.444727	-8.5929	3.625825
AGACACAUUUGGAGAGGGACCC	mir236	100	-6.0571	3.297401	-9.5882	3.495734
AGACCAUGGGUUCUCAUUGU	mir237	100	-4.5403	2.470099	-7.7419	3.508071
AGACCCUGCAGCCUUCCCACC	mir238	100	-4.6051	3.718294	-8.1712	5.318061
AGACCUGGCCCAGACCUCAGC	mir239	100	-5.1952	3.438808	-8.7207	5.155716
AGACUGACCUUCAACCCCACAG	mir240	100	-3.1084	2.944644	-6.2587	4.230951
AGAGAAGAAGAUCAGCCUGCA	mir241	100	-4.6661	2.657739	-7.4748	3.425033
AGAGAUUGGUAGAAAUCAGGU	mir242	100	-4.4256	2.481328	-7.1512	3.067054
AGAGCAGAAGGAUGAGAU	mir243	100	-4.5193	3.340385	-7.1366	3.508548
AGAGCUCACAGCUGUCCUUCUCUA	mir244	100	-5.3704	3.129163	-9.5419	4.672489
AGAGCUGAGACUAGAAAGCCCA	mir245	100	-5.2203	3.202178	-8.5213	4.149683
AGAGCUUAGCUGAUUGGUGAAC	mir246	100	-5.6789	2.610664	-9.0425	3.574427
AGAGGACCCGUAGCUGCUAGAAGG	mir247	100	-6.5818	2.852093	-10.6216	4.187039
AGAGGCUGAGAAGGUGAUGUUG	mir248	100	-6.2949	3.412305	-9.5822	3.692342
AGAGGCUUUGUGCGGAUACGGGG	mir249	100	-7.046	3.149881	-10.7457	4.168919
AGAGGUAGGUGUGGAAGAA	mir250	100	-6.2753	3.92453	-8.8288	4.019746
AGAGGUAGUAGGUUGCAUAGUU	mir251	100	-6.2461	3.132801	-9.163	3.678263
AGAGGUUGCCCUUGGUGAAUUC	mir252	100	-6.3136	2.720203	-9.4588	3.694655
AGAGUCGGCGACGCCGCCAGC	mir253	100	-5.3407	3.131087	-9.214	4.709234
AGAGUCUUGUGAUGUCUUGC	mir254	100	-4.0297	2.247554	-6.8178	3.212828
AGAGUUAACUCAAAAUGGACUA	mir255	100	-3.0614	1.953878	-5.2009	2.35634
AGAGUUGAGUCUGGACGUCCCG	mir256	100	-5.9824	2.902365	-9.7192	3.94974
AGAUAUUUUGAGUGUUUGGAAUUG	mir257	100	-4.6405	2.587237	-7.3709	3.099546
AGAUGUAUGGAAUCUGUAUAUAUC	mir258	100	-3.645	1.984701	-6.1826	2.456876
AGAUGUCCAGCCACAAUUCUCG	mir259	100	-3.7689	2.272896	-7.0171	3.353374
AGAUUGUUUCUUUUGCCGUGCA	mir260	100	-4.0105	2.551795	-7.018	4.339749
AGCAAGGCGGCAUCUCUCUGAU	mir261	100	-5.7223	2.587899	-9.7197	4.131837
AGCAGAAGCAGGGAGGUUCUCCCA	mir262	100	-7.6352	3.806102	-11.6433	4.731097
AGCAGAGGCAGAGAGGCUCAGG	mir263	100	-7.8415	4.357689	-11.8408	4.916826
AGCAGCAUUGUACAGGGCUAUCA	mir264	100	-6.0155	2.704433	-9.6328	3.589281
AGCAGCAUUGUACAGGGCUAUGA	mir265	100	-5.6915	2.696726	-9.2379	3.48702
AGCAGGGCUGGGGAUUGCA	mir266	100	-7.9796	3.86691	-11.6528	4.070195
AGCAGUGUUUGUUUUGCCCACA	mir267	100	-4.8597	2.682613	-8.4675	4.039924
AGCAUACACCUGUAGUCCUAGA	mir268	100	-4.4839	2.845297	-8.1483	4.251911
AGCCAAGUGGAAGUUACUUUA	mir269	100	-4.3884	2.355276	-7.5332	3.01404
AGCCGCGGGGAUCGCCGAGGG	mir270	100	-7.0459	3.062023	-11.5295	4.641416
AGCCUGUGCUUGUCCCUGCAG	mir271	100	-5.3912	3.060512	-9.5678	4.808027
AGCCUUCCAGGAGAAAUGGAGA	mir272	100	-5.1948	2.757095	-8.5291	3.624179
AGCGCGGGCUGAGCGCUGCCAGUC	mir273	100	-8.0283	3.664925	-12.8067	5.747314
AGCGGUGCUCCUGCGGGCCGA	mir274	100	-7.3361	3.400236	-11.5215	5.479853
AGCUACAGUUACUUUUGCACCA	mir275	100	-4.0274	2.361251	-7.4948	3.207152
AGCUACAUCUGGCUACUGGGU	mir276	100	-5.6698	2.519222	-9.5543	3.602304
AGCUACAUUGUCUGCUGGGUUUC	mir277	100	-5.7649	2.464933	-9.5341	3.399472
AGCUCCCUGAAUCCCUGUCCCAG	mir278	100	-3.8062	3.859094	-7.3283	5.388242
AGCUCGGUCUGAGGCCCCUCAGU	mir279	100	-7.5463	3.396509	-11.9772	5.494024
AGCUCUGCUGCUCACUGGCAGU	mir280	100	-6.2635	3.198598	-10.4813	4.821077
AGCUGGUGUUGUGAAUCAGGCCG	mir281	100	-6.5726	3.092429	-10.6785	4.085884
AGCUGUAAUUAGUCAGUUUUCU	mir282	100	-3.4885	1.991258	-6.2617	2.960105
AGCUGUCUGAAAAUGUCUU	mir283	100	-3.1991	2.317625	-5.9224	3.001601
AGCUUCCAUGACUCCUGAUGGA	mir284	100	-4.5561	2.592602	-7.8112	3.580136
AGCUUCUUUACAGUGCUGCCUUG	mir285	100	-4.9847	2.816445	-8.7786	4.11511
AGCUUUUGGGAAUUCAGGUAGU	mir286	100	-5.3345	2.736955	-8.1991	3.236157
AGGAAGCCCUGGAGGGGCUGGAG	mir287	100	-9.0983	4.195747	-13.5668	4.737357
AGGAAUGUUCCUUCUUUGCC	mir288	100	-3.6196	2.490498	-6.1153	3.205555
AGGACUGGACUCCCGGCAGCCC	mir289	100	-6.315	3.302322	-10.5051	4.870692
AGGAGAAGUCGGGAAGGU	mir290	100	-5.2408	3.514139	-7.9492	3.654874
AGGAGAGUGGAUUCCAGGUGGU	mir291	100	-7.14	3.693571	-10.6316	4.205399
AGGAGCUAUCCACUCCAGGUGUCC	mir292	100	-6.2307	3.035762	-10.7267	5.147262
AGGAGGAAUUGGUGCUGGUCUU	mir293	100	-7.0744	3.785025	-10.5126	4.292358
AGGAGGAUGGAGAGCUGGGCCAGA	mir294	100	-8.9282	4.470807	-13.4317	5.177434
AGGAGGGAAGGGGCUGAGAACAGGA	mir295	100	-8.3499	5.169671	-11.9634	5.395855
AGGAGGUGGUACUAGGGGCCAGC	mir296	100	-8.8942	4.751812	-13.3474	5.337337
AGGAUGAGCAAAGAAAGUAGAUU	mir297	100	-4.0342	2.767685	-6.2721	3.006888
AGGAUUUCAGAAAUACUGGUGU	mir298	100	-4.2801	2.276139	-6.8096	3.017557
AGGCAAGAUGCUGGCAUAGCU	mir299	100	-6.3404	3.147858	-10.1295	3.984488
AGGCACCAGCCAGGCAUUGCUCAGC	mir300	100	-6.907	3.045732	-11.7765	5.275616
AGGCACGGUGUCAGCAGGC	mir301	100	-6.1792	3.043751	-9.8414	4.228971
AGGCAGUGUAGUUAGCUGAUUGC	mir302	100	-6.1093	3.113082	-9.7298	3.891668
AGGCAGUGUAUUGUUAGCUGGC	mir303	100	-5.7434	2.671647	-9.349	3.583949
AGGCAUUGACUUCUCACUAGCU	mir304	100	-4.2667	2.323726	-7.4163	3.799381
AGGCCCUGUCCUCUGCCCCAG	mir305	100	-5.0083	4.165541	-8.819	6.127209
AGGCCUGUGGCUCCUCCCUCAG	mir306	100	-6.4202	3.658582	-10.725	5.311621
AGGCGAUGUGGGGAUGUAGAGA	mir307	100	-6.8108	3.86217	-10.1511	4.04296
AGGCGGAGACUUGGGCAAUUG	mir308	100	-6.3854	3.217652	-10.0957	3.792556
AGGCGGGGCGCCGCGGGACCGC	mir309	100	-8.3805	3.65169	-13.1279	5.647759
AGGGAAGGAGGCUUGGUCUUAG	mir310	100	-7.3647	3.414902	-10.839	4.341522
AGGGACGGGACGCGGUGCAGUG	mir311	100	-7.4774	4.28883	-11.168	5.058961
AGGGACUGCCUUAGGAGAAAGUU	mir312	100	-6.0386	2.941055	-9.4804	3.600376
AGGGACUUUCAGGGGCAGCUGU	mir313	100	-7.4894	3.637097	-11.37	4.37368
AGGGACUUUUGGGGGCAGAUGUG	mir314	100	-7.841	4.24678	-11.4232	4.756002
AGGGAGAAAGCUAGAAGCUGAAG	mir315	100	-5.8454	3.756025	-9.1725	4.333314
AGGGCCAGAGGAGCCUGGAGUGG	mir316	100	-8.1136	4.022859	-12.7457	4.943138
AGGGCCCCCCCUCAAUCCUGU	mir317	100	-4.6004	3.452488	-7.919	5.469157
AGGGCCGAAGGGUGGAAGCUGC	mir318	100	-7.4705	3.602762	-11.6587	4.59899
AGGGCUGGACUCAGCGGCGGAGCU	mir319	100	-8.0536	3.585442	-12.8635	5.384359
AGGGGACCAAAGAGAUAUAUAG	mir320	100	-4.6	2.721559	-7.3228	3.173016
AGGGGACUGGUUAAUAGAACUA	mir321	100	-5.3995	2.740958	-8.3864	2.997754
AGGGGCUGGCUUUCCUCUGGUC	mir322	100	-7.2958	2.944051	-11.4897	4.973922
AGGGGGAAAGUUCUAUAGUCC	mir323	100	-5.1221	2.929672	-7.9618	3.610474
AGGGGGAUGGCAGAGCAAAAUU	mir324	100	-6.8386	3.868599	-9.8622	4.264936
AGGGGGCGCAGUCACUGACGUG	mir325	100	-7.6092	3.366425	-11.4246	4.422738
AGGGGGGCACUGCGCAAGCAAAGCC	mir326	100	-7.7743	3.433933	-11.9218	4.723789
AGGGGGUAGAAAGUGGCUGAAG	mir327	100	-7.4178	4.304333	-11.0422	4.718621
AGGGGUGCUAUCUGUGAUUGA	mir328	100	-6.0933	2.861088	-9.83	3.523746
AGGGUAAGCUGAACCUCUGAU	mir329	100	-5.4878	2.481002	-8.4887	3.194943
AGGUAGAAUGAGGCCUGACAU	mir330	100	-5.5191	2.839041	-8.6973	3.350976
AGGUAUUGCCACCCUUUCUAGU	mir331	100	-4.1669	2.713562	-7.4649	4.313252
AGGUGCCAUUCUGAGGGCCAGGAGU	mir332	100	-8.2058	3.699644	-13.343	4.74971
AGGUGGAUGCAAUGUGACCUCA	mir333	100	-5.7639	2.846049	-9.1715	3.890885
AGGUGGGUAUGGAGGAGCCCU	mir334	100	-7.6224	3.951722	-11.3728	4.559676
AGGUUACCCGAGCAACUUUGCAU	mir335	100	-4.7565	2.486357	-8.5012	3.947993
AGGUUGACAUACGUUUCCC	mir336	100	-3.2677	2.216716	-5.8249	2.906813
AGGUUGGGAUCGGUUGCAAUGCU	mir337	100	-7.0125	2.987905	-10.6144	3.984344
AGGUUGUCCGUGUUGUCUUCUCU	mir338	100	-5.0437	2.872834	-8.6491	4.267863
AGUAGAGAGGAAAAGUUAGGGUC	mir339	100	-5.3043	3.560381	-7.9876	4.043709
AGUAUGUUCUUCCAGGACAGAAC	mir340	100	-4.4309	2.517715	-7.3863	3.457638
AGUAUUCUGUACCAGGGAAGGU	mir341	100	-5.5609	2.669281	-8.8436	3.502644
AGUCAUUGGAGGGUUUGAGCAG	mir342	100	-7.0228	3.103834	-10.3216	3.549414
AGUGCCUGAGGGAGUAAGAG	mir343	100	-6.6155	3.02629	-9.8522	3.653608
AGUGCCUGAGGGAGUAAGAGCCC	mir344	100	-7.638	3.393755	-11.7101	4.786643
AGUGCCUGCUAUGUGCCAGGCA	mir345	100	-5.7685	2.655679	-10.2127	4.360551
AGUGGACCGAGGAAGGAAGGA	mir346	100	-5.5832	3.466487	-8.4162	3.79367
AGUGGAUGAUGGAGACUCGGUAC	mir347	100	-6.1728	3.187183	-9.4294	3.637171
AGUGGCACAUGUUUGUUGUGAG	mir348	100	-5.3242	2.459962	-8.5579	3.026783
AGUGGGAGGCCAGGGCACGGCA	mir349	100	-8.7287	4.21074	-13.185	5.0589
AGUGGGGAACCCUUCCAUGAGG	mir350	100	-5.8009	3.093804	-9.0873	4.334639
AGUGGGGUGGGACCCAGCUGUU	mir351	100	-8.1482	3.455344	-12.1082	4.575385
AGUUAAUGAAUCCUGGAAAGU	mir352	100	-3.2152	1.923643	-5.5616	2.48555
AGUUAGGAUUAGGUCGUGGAA	mir353	100	-5.0478	2.818968	-7.9157	3.217168
AGUUCUUCAGUGGCAAGCUUUA	mir354	100	-5.1775	2.633474	-8.1827	3.301871
AGUUGCCAGGGCUGCCUUUGGU	mir355	100	-7.3473	3.328968	-11.3954	5.138566
AGUUGCCUUUUUGUUCCCAUGC	mir356	100	-3.453	2.636741	-6.2806	3.474169
AGUUUGGGAUGGAGAGAGGAGA	mir357	100	-6.291	4.126872	-9.4111	4.3455
AGUUUUGCAGGUUUGCAUCCAGC	mir358	100	-5.6607	2.212342	-8.9637	3.146565
AGUUUUGCAGGUUUGCAUUUCA	mir359	100	-4.9111	2.208534	-7.7901	3.122041
AGUUUUGCAUAGUUGCACUACA	mir360	100	-4.2563	2.34843	-7.0048	3.22544
AUAAAGCUAGAUAACCGAAAGU	mir361	100	-2.9014	2.329395	-5.0714	3.121955
AUAACAUUGUAAAGCGCUUCUUUCG	mir362	100	-3.5457	2.104902	-6.477	3.125638
AUAAUACAACCUGCUAAGUGCU	mir363	100	-3.5371	2.210279	-6.5355	3.375578
AUACCCAUAGCUUAGCUCCCA	mir364	100	-3.7857	2.716205	-7.3103	4.24884
AUAGCAAUUGCUCUUUUGGAA	mir365	100	-3.8826	1.89959	-6.7173	2.740657
AUAGUGGGAAGCUGGCAGAUUC	mir366	100	-6.9519	3.295352	-10.3821	3.81771
AUAUAAUACAACCUGCUAAGUG	mir367	100	-2.8302	1.883971	-5.3074	2.617055
AUAUACCUGUUCGGUCUCUUUA	mir368	100	-4.1994	2.715978	-7.3776	3.759552
AUAUGGGUUUACUAGUUGGU	mir369	100	-4.2866	2.193181	-7.2111	2.701064
AUAUUACCAUUAGCUCAUCUUU	mir370	100	-3.065	2.583388	-5.845	3.625473
AUCAAAUAAGGACUAGUCUGCA	mir371	100	-4.0945	2.122572	-7.1722	2.806125
AUCAACAGACAUUAAUUGGGCGC	mir372	100	-4.1198	2.495513	-6.9455	3.216615
AUCAAGGAUCUUAAACUUUGCC	mir373	100	-3.0705	1.753452	-5.7612	2.644002
AUCACAUUGCCAGGGAUUACCAC	mir374	100	-5.1939	2.75691	-8.485	3.969169
AUCACAUUGCCAGGGAUUUCC	mir375	100	-4.9947	2.62591	-8.2407	3.797436
AUCACAUUGCCAGUGAUUACCC	mir376	100	-4.1137	2.462107	-7.4795	3.819573
AUCAGGGCUUGUGGAAUGGGAAG	mir377	100	-7.2611	3.940357	-11.0347	4.448892
AUCAUACAAGGACAAUUUCUUU	mir378	100	-2.4847	1.968557	-4.8719	2.585567
AUCAUAGAGGAAAAUCCACGU	mir379	100	-3.5724	2.270713	-5.8686	2.656383
AUCCAGUUCUCUGAGGGGGCU	mir380	100	-7.1267	3.464919	-11.1966	4.663567
AUCCCCAGAUACAAUGGACAA	mir381	100	-3.4329	2.074213	-6.3183	3.072513
AUCCCUUGCAGGGGCUGUUGGGU	mir382	100	-8.2713	3.312245	-12.4571	4.204877
AUCCGCGCUCUGACUCUCUGCC	mir383	100	-4.5658	3.548307	-8.2683	5.615738
AUCCUUGCUAUCUGGGUGCUA	mir384	100	-6.0274	2.942885	-9.9133	4.018971
AUCGCUGCGGUUGCGAGCGCUGU	mir385	100	-7.105	2.891887	-10.9912	4.146167
AUCGGGAAUGUCGUGUCCGCCC	mir386	100	-5.392	2.802046	-9.0077	4.395715
AUCGGGCCCUCGGCGCCGG	mir387	100	-5.8286	3.10082	-9.8338	4.986751
AUCUAAAUGCAGCAUGCCAGUC	mir388	100	-4.2591	2.470925	-7.5742	3.439604
AUCUGCUCUCUUGUUCCCAG	mir389	100	-3.3296	2.897336	-6.2386	4.292848
AUCUGUCUCGAUUGUUUCCAG	mir390	100	-3.2804	2.43682	-5.8801	3.449044
AUGAAGCCUUCUCUGCCUUACG	mir391	100	-3.7052	2.964625	-7.2201	4.371548
AUGAAGUGCACUCAUGAUAUGU	mir392	100	-3.931	2.176315	-6.7014	2.914953
AUGACCUAUGAAUUGACAGAC	mir393	100	-2.8032	2.079573	-5.1663	2.900852
AUGAGCGACUGUGCCUGACC	mir394	100	-4.9139	3.010406	-8.2497	4.256982
AUGCACCUGGGCAAGGAUUCUG	mir395	100	-6.2445	2.775562	-10.0885	3.82492
AUGCGAGGAUGCUGACAGUG	mir396	100	-5.7751	2.756258	-8.9321	3.314024
AUGCUGACAUAUUUACUAGAGG	mir397	100	-3.8215	2.0159	-6.4072	2.678453
AUGGAGAAGGCUUCUGA	mir398	100	-4.7953	2.542417	-7.4932	3.058608
AUGGAGAUAGAUAUAGAAAU	mir399	100	-3.1221	2.729013	-5.1999	3.073095
AUGGCAUCGUCCCCUGGUGGCU	mir400	100	-6.1345	2.792035	-9.9358	4.612035
AUGGCCAAAACUGCAGUUAUUUU	mir401	100	-4.1112	2.179483	-6.8279	2.999432
AUGGCCAGAGCUCACACAGAGG	mir402	100	-5.8506	2.800251	-9.4752	3.869455
AUGGGUGAAUUUGUAGAAGGAU	mir403	100	-5.1045	3.093873	-7.4684	3.186084
AUGGUCACCUCCGGGACU	mir404	100	-5.0749	2.4101	-8.1428	3.74629
AUGGUCUCCUGUUCUCUGCAG	mir405	100	-4.7725	3.03365	-8.1092	4.503641
AUGGUUCCGUCAAGCACCAUGG	mir406	100	-4.5253	2.424614	-7.7552	3.414692
AUGUAGGGCUAAAAGCCAUGGG	mir407	100	-5.4689	2.438952	-8.7239	3.243402
AUGUAUAAAUGUAUACACAC	mir408	100	-1.6871	1.93771	-3.3913	2.637019
AUGUAUGUGUGCAUGUGCAUG	mir409	100	-4.2753	2.759067	-7.1521	3.870806
AUGUAUUCGUACUGUCUGAUG	mir410	100	-3.1703	2.410419	-5.5704	3.037257
AUGUCCAUAUUAUGGGUUAGU	mir411	100	-4.1084	1.990281	-6.8831	2.720227
AUGUGCCUGAGGGAGUAAGACA	mir412	100	-6.5602	2.828994	-9.7405	3.681813
AUUAGGUAGUGGCAGUGGAAC	mir413	100	-6.6235	3.60424	-9.8684	4.261898
AUUCCUAGAAAUUGUUCAUA	mir414	100	-2.6022	1.809061	-4.8435	2.764063
AUUCUAAUUUCUCCACGUCUUU	mir415	100	-2.1498	2.424238	-4.8528	3.427739
AUUCUGCAUUUUUAGCAAGUUC	mir416	100	-3.369	1.90935	-5.7873	2.611564
AUUCUUCCUGCCCUGGCUCCAU	mir417	100	-5.4007	4.069747	-8.8845	5.367285
AUUGCCUCUGUUCUAACACAAG	mir418	100	-3.4353	2.337443	-6.5186	3.453614
AUUGGGAACAUUUUGCAUGUAU	mir419	100	-4.5222	2.17029	-7.3658	2.761084
AUUGGGGACAUUUUGCAUUCAU	mir420	100	-5.2773	2.507242	-8.2368	3.154749
AUUGUCCCUCUCCCUUCCCAG	mir421	100	-3.2115	3.641659	-5.9678	5.197513
AUUGUCCUUGCUGUUUGGAGAU	mir422	100	-5.5268	2.745349	-8.8166	3.523092
AUUGUUCUGUCUUUCUCCCAG	mir423	100	-3.2832	2.915308	-6.0586	4.041889
AUUUGUGCUUGGCUCUGUCAC	mir424	100	-5.6492	3.021776	-9.3514	4.136765
CAAAAACCACAGUUUCUUUUGC	mir425	100	-2.4177	1.946982	-5.2338	3.155903
CAAAAACCAUAGUUACUUUUGC	mir426	100	-2.1424	1.684245	-4.6227	2.542434
CAAAAACCGCAAUUACUUUUGCA	mir427	100	-2.7657	1.846225	-5.366	2.917377
CAAAAACUGCAAUUACUUUCA	mir428	100	-2.4355	1.971603	-4.5374	2.786766
CAAAAACUGCAAUUACUUUUGC	mir429	100	-2.5565	2.154117	-4.8355	2.850052
CAAAAACUGCAGUUACUUUUGC	mir430	100	-3.5164	2.104827	-5.8933	2.725574
CAAAAACUGCAUUACUUUUGC	mir431	100	-2.5486	2.100775	-5.0014	2.820066
CAAAAAUCUCAAUUACUUUUGC	mir432	100	-1.6932	1.900734	-3.908	2.899542
CAAAACCGCGAUUACUCUUGCA	mir433	100	-3.4985	2.305866	-6.4465	3.637673
CAAAACGUGAGGCGCUGCUAU	mir434	100	-5.6324	2.60782	-9.0572	3.536996
CAAAACUGGCAAUUACUUUUGC	mir435	100	-3.2281	1.83392	-5.5949	2.858238
CAAAAGCAAUCGCGGUUUUUGC	mir436	100	-3.9702	2.018111	-6.6133	2.6561
CAAAAGUAAUUGUGGAUUUUGU	mir437	100	-3.5315	2.229973	-5.6113	2.544517
CAAAAGUGAUUGUGGUUUUUGC	mir438	100	-4.4665	2.430159	-6.8885	2.81891
CAAACCACACUGUGGUGUUAGA	mir439	100	-5.1474	2.380307	-8.2277	3.286876
CAAACCCCUGUCUACCCGCAG	mir440	100	-3.3894	3.254809	-6.6284	4.634415
CAAAGAAUUCUCCUUUUGGGCU	mir441	100	-4.4394	2.194597	-7.5641	2.899138
CAAAGACUGCAAUUACUUUUGCG	mir442	100	-3.4501	2.048647	-6.0174	2.964929
CAAAGCGCUCCCCUUUAGAGGU	mir443	100	-4.6547	2.573739	-7.897	4.082285
CAAAGGCCACAUUCUCCUGUGCAC	mir444	100	-5.348	3.441391	-9.0082	4.934331
CAAAGUCCUUCCUAUUUUUCCC	mir445	100	-2.1992	2.909872	-4.7913	3.99822
CAAAGUGAUGAGUAAUACUGGCUG	mir446	100	-4.9223	2.501537	-7.8848	2.845615
CAAAGUGCUCAUAGUGCAGGUAG	mir447	100	-5.8412	2.626617	-9.5248	3.690497
CAAAGUGCUGUUCGUGCAGGUAG	mir448	100	-6.1238	2.670718	-9.5525	3.542025
CAAAGUGCUUACAGUGCAGGUAG	mir449	100	-5.5773	2.574977	-9.1311	3.607239
CAAAGUUUAAGAUCCUUGAAGU	mir450	100	-3.0311	2.020149	-5.4143	2.636498
CAAAUAAUACCACAGUGGGUGU	mir451	100	-4.7315	2.670096	-7.4573	2.90596
CAAAUGAGCUUAAUUUCCUUUU	mir452	100	-2.6604	1.786937	-4.9848	2.698817
CAAAUUCGUAUCUAGGGGAAUA	mir453	100	-4.3939	2.577163	-7.163	3.14982
CAACAAAUCACAGUCUGCCAUA	mir454	100	-3.5017	2.306681	-6.629	3.335211
CAACAAAUCCCAGUCUACCUAA	mir455	100	-2.7491	2.618911	-6.076	3.843512
CAACAACAUUAAACCACCCGA	mir456	100	-1.7502	2.476693	-4.1958	3.4833
CAACACCAGUCGAUGGGCUGU	mir457	100	-5.5235	2.358564	-9.137	3.532218
CAACCACCACUGUCUCUCCCCAG	mir458	100	-3.7755	4.024501	-7.7645	5.964636
CAACCCUAGGAGAGGGUGCCAUUCA	mir459	100	-7.2977	3.211334	-11.4732	4.038516
CAACCUCGACGAUCUCCUCAGC	mir460	100	-3.1519	2.707092	-6.5679	4.275156
CAACCUGGAGGACUCCAUGCUG	mir461	100	-5.9333	2.59829	-9.8052	4.060449
CAACGGAAUCCCAAAAGCAGCUG	mir462	100	-3.8557	2.015012	-7.0684	3.179898
CAACUAGACUGUGAGCUUCUAG	mir463	100	-4.3667	1.964495	-7.7039	3.303039
CAAGAACCUCAGUUGCUUUUGU	mir464	100	-4.2966	2.451112	-7.6965	3.569837
CAAGCCUCUCCUGCCCUUCCAG	mir465	100	-3.9049	4.049773	-7.5168	5.907104
CAAGCUCGCUUCUAUGGGUCUG	mir466	100	-5.1599	2.481958	-8.9272	3.984026
CAAGCUCGUGUCUGUGGGUCCG	mir467	100	-6.5612	3.0607	-10.4057	4.268764
CAAGGCCAAAGGAAGAGAACAG	mir468	100	-4.7906	3.576001	-7.5568	3.86983
CAAGGGACCAAGCAUUCAUUAU	mir469	100	-4.526	2.082103	-7.7152	3.257283
CAAUCAGCAAGUAUACUGCCCU	mir470	100	-4.0011	2.48002	-7.2243	3.751929
CAAUGUUUCCACAGUGCAUCAC	mir471	100	-4.2782	2.542099	-7.3733	3.219049
CAAUUUAGUGUGUGUGAUAUUU	mir472	100	-3.583	2.387995	-5.6142	2.536876
CACAAGGUAUUGGUAUUACCU	mir473	100	-4.3007	2.408267	-6.9515	2.979512
CACACAAGUGGCCCCCAACACU	mir474	100	-4.4272	2.854622	-7.8133	4.320758
CACACACACACACACACGUAU	mir475	100	-1.541	2.383611	-3.0781	3.264267
CACACAGGAAAAGCGGGGCCCUG	mir476	100	-6.4956	3.303179	-10.3841	4.278198
CACACAUAGCAGGUGUAUAUA	mir477	100	-4.4795	2.454247	-7.263	3.099634
CACAGCAAGUGUAGACAGGCA	mir478	100	-5.2401	2.950172	-8.4751	3.541697
CACAGGACUGACUCCUCACCCCAGUG	mir479	100	-5.1114	3.66571	-8.8509	5.01731
CACAUAUGAAGUGAGCCAGCAC	mir480	100	-4.6331	2.164438	-8.068	3.102169
CACAUGGCCGAAACAGAGAAGU	mir481	100	-4.3733	2.525049	-7.4579	3.173219
CACCAGGGCAGAGCAGGGCUGA	mir482	100	-7.9445	4.115098	-12.5292	4.769164
CACCCCCUGUUUCCUGGCCCAC	mir483	100	-4.5941	3.744027	-8.5309	5.43718
CACCCGGCUGUGUGCACAUGUGC	mir484	100	-6.1636	3.104534	-10.2185	4.653545
CACCCGUAGAACCGACCUUGCG	mir485	100	-3.8035	2.572601	-7.3756	4.262445
CACCGGGGAUGGCAGAGGGUCG	mir486	100	-8.2133	3.928122	-12.0004	4.348421
CACCUUGCGCUACUCAGGUCUG	mir487	100	-5.332	2.818294	-9.6252	4.600626
CACGCUCAUGCACACACCCACA	mir488	100	-3.7205	3.000463	-6.9595	4.148022
CACUAGAUUGUGAGCUCCUGGA	mir489	100	-5.3174	2.174536	-9.2219	3.716547
CACUCAGCCUUGAGGGCACUUUC	mir490	100	-6.7892	3.082665	-10.6666	4.204991
CACUGCAGGACUCAGCAG	mir491	100	-4.9126	2.884126	-8.2066	3.692342
CACUGCAUUCCUGCUUGGCCCAG	mir492	100	-5.7961	3.456508	-9.7194	4.84294
CACUGGCUCCUUUCUGGGUAGA	mir493	100	-6.3864	2.806225	-10.2619	4.132946
CACUGUAGGUGAUGGUGAGAGUGGGCA	mir494	100	-8.9837	4.442227	-13.5086	4.788785
CACUGUGGGUACAUGCU	mir495	100	-4.8571	2.158166	-8.2457	3.334981
CACUGUGUCCUUUCUGCGUAG	mir496	100	-4.243	3.123487	-7.6554	4.606701
CACUGUUUCACCACUGGCUCUU	mir497	100	-5.0909	3.632245	-8.6362	4.599716
CAGAGGGAAUACAGAGGGCAAU	mir498	100	-5.7336	3.728109	-8.8213	4.069294
CAGAGUGACAAGCUGGUUAAAG	mir499	100	-5.2949	2.624725	-8.1636	3.182156
CAGCACCCUGUGGCUCCCACAG	mir500	100	-6.2102	3.537474	-10.6434	4.786577
CAGCAGCAAUUCAUGUUUUGAA	mir501	100	-3.6254	2.184822	-6.4588	2.879645
CAGCAGCACACUGUGGUUUGU	mir502	100	-5.4792	2.464874	-8.9563	3.449384
CAGCAGUGCGCAGGGCUG	mir503	100	-6.5697	2.894529	-10.1379	3.748124
CAGCCACAACUACCCUGCCACU	mir504	100	-3.4653	3.422477	-6.7793	5.053991
CAGCCAGCCCCUGCUCACCCCU	mir505	100	-4.9676	4.318428	-9.0304	6.066103
CAGCCCCACAGCCUCAGA	mir506	100	-3.6331	3.008482	-7.1618	4.714705
CAGCCCGGAUCCCAGCCCACUU	mir507	100	-4.5518	3.395888	-8.0778	5.239782
CAGCCUCUGCCCUUGGCCUCC	mir508	100	-5.3009	3.560593	-9.3557	5.753635
CAGCCUGACAGGAACAG	mir509	100	-3.7347	2.316679	-6.4105	2.978866
CAGGAAGGAGACAGGCAGUUCA	mir510	100	-6.127	3.676357	-9.9778	4.137762
CAGGAUGCCAGCAUAGU	mir511	100	-4.3433	2.279643	-7.7193	3.030817
CAGGCACGGGAGCUCAGGUGAG	mir512	100	-7.5276	3.174594	-11.448	4.28333
CAGGCAGAAGUGGGGCUGACAGG	mir513	100	-8.2422	4.636207	-12.6488	5.209554
CAGGCAGUGACUGUUCAGACGUC	mir514	100	-6.2021	2.938168	-9.3817	3.808756
CAGGCCAUAUUGUGCUGCCUCA	mir515	100	-5.7189	2.824726	-9.8111	4.095315
CAGGGAAAUGGGAAGAACUAGA	mir516	100	-4.7866	3.071931	-7.3563	3.260699
CAGGGAACAGCUGGGUGAGCUGCU	mir517	100	-8.4872	3.14785	-13.2455	4.55281
CAGGGAACCAGUUGGGGCUU	mir518	100	-6.9676	3.091885	-11.0866	3.89419
CAGGGAGAAGGUGGAAGUGCAGA	mir519	100	-7.6377	4.642977	-11.2245	4.886538
CAGGGAGGUGAAUGUGAU	mir520	100	-5.6948	3.942633	-8.1775	3.859501
CAGGGCAGAGGGCACAGGAAUCUGA	mir521	100	-7.8293	3.734748	-11.8566	4.374219
CAGGGCAGGAAGAAGUGGACAA	mir522	100	-6.398	3.878064	-9.783	3.974164
CAGGGCCAGGCACAGAGUAAG	mir523	100	-6.447	2.857413	-10.4251	3.760987
CAGGGCCCUGGCUUUAGCAGA	mir524	100	-6.9035	2.872244	-11.133	4.780007
CAGGGCCUCACUGUAUCGCCCA	mir525	100	-5.6946	3.035938	-9.4789	4.593002
CAGGGCUGGCAGUGACAUGGGU	mir526	100	-7.684	3.734453	-12.3972	4.70819
CAGGGGCUGGGGUUUCAGGUUCU	mir527	100	-8.6349	4.044437	-12.6248	4.851321
CAGUAACAAAGAUUCAUCCUUGU	mir528	100	-3.0735	2.1701	-5.8116	2.720378
CAGUGCAAUAGUAUUGUCAAAGC	mir529	100	-3.9014	2.50899	-6.7928	3.4595
CAGUGCAAUGAUAUUGUCAAAGC	mir530	100	-3.9633	2.085262	-6.6897	3.108563
CAGUGCAAUGAUGAAAGGGCAU	mir531	100	-5.1771	2.907683	-8.4254	3.584948
CAGUGCAAUGUUAAAAGGGCAU	mir532	100	-4.7815	2.636113	-7.698	3.371765
CAGUGCCUCGGCAGUGCAGCCC	mir533	100	-6.928	3.457411	-11.4007	5.380323
CAGUGGCCAGAGCCCUGCAGUG	mir534	100	-6.7916	3.132223	-10.9489	4.865739
CAGUGGUUUUACCCUAUGGUAG	mir535	100	-4.9091	2.256567	-8.0384	3.513215
CAGUUAUCACAGUGCUGAUGCU	mir536	100	-5.312	2.662423	-8.6833	3.507148
CAGUUCAGAAGUGUUCCUGAGU	mir537	100	-4.8779	2.650482	-8.2175	3.834297
CAGUUCUGCUGUUCUGACUCUAG	mir538	100	-4.7512	2.972253	-8.2193	4.21626
CAGUUGGGUCUAGGGGUCAGGA	mir539	100	-7.5308	3.426685	-11.1993	4.162674
CAUAAAGUAGAAAGCACUACU	mir540	100	-2.839	1.96361	-5.1441	2.652305
CAUAGAUCUCGUCGCUUACUGGGA	mir541	100	-5.1412	2.979495	-8.6561	4.295802
CAUCAGCACCCUAUGUCCUUUCU	mir542	100	-3.8712	3.256944	-7.1037	4.884125
CAUCAGUUCCUAAUGCAUUGCC	mir543	100	-3.7545	2.546677	-7.0718	3.778385
CAUCCCUUGCAUGGUGGAGGG	mir544	100	-7.0819	3.634168	-10.7104	4.628606
CAUCCGUCCGUCUGUCCAC	mir545	100	-3.0589	3.004252	-5.9309	4.378616
CAUCUGGCAUCCGUCACACAGA	mir546	100	-4.6944	2.688148	-8.0614	3.987367
CAUCUUACUGGGCAGCAUUGGA	mir547	100	-5.9642	2.773935	-9.8267	3.645047
CAUCUUCCAGUACAGUGUUGGA	mir548	100	-4.6302	2.282463	-7.8964	3.566804
CAUGCCUUGAGUGUAGGACCGU	mir549	100	-5.9157	2.593737	-9.4868	3.894196
CAUGCUGACCUCCCUCCUGCCCCAG	mir550	100	-4.8352	4.581649	-8.3371	6.803256
CAUGGGAGUUCGGGGUGGUUGC	mir551	100	-8.3113	3.833096	-12.0795	3.88765
CAUGGGGUAGGGCAGAGUAGG	mir552	100	-7.3182	3.94585	-10.5192	4.166702
CAUGGUUCUGUCAAGCACCGCG	mir553	100	-4.8635	2.698284	-7.9271	3.48067
CAUUAUUACUUUUGGUACGCG	mir554	100	-3.5758	1.937903	-5.9573	2.893417
CAUUGCACUUGUCUCGGUCUGA	mir555	100	-5.2464	3.105312	-8.6455	4.268933
CCAAAACUGCAGUUACUUUUGC	mir556	100	-3.5062	2.127482	-6.1547	3.034702
CCAAAUCUUGAUCAGAAGCCU	mir557	100	-3.9094	2.180799	-7.1278	3.53227
CCAACCUAGGUGGUCAGAGUUG	mir558	100	-6.1994	2.503651	-9.625	3.074865
CCAAGGAAGGAGGCUGGACAUC	mir559	100	-7.035	3.640627	-10.6687	3.962111
CCAAUAUUACUGUGCUGCUUUA	mir560	100	-4.0449	2.609498	-7.0384	3.350781
CCAAUAUUGGCUGUGCUGCUCC	mir561	100	-6.0191	3.504716	-9.8518	4.573034
CCACCUCCCCUGCAAACGUCCA	mir562	100	-3.789	3.266855	-7.3145	4.993854
CCACGUGCUUCUCUUUCCGCAG	mir563	100	-3.9741	2.930588	-7.7273	4.80455
CCACUGCCUAUGCCCCACAG	mir564	100	-3.6055	3.69379	-7.4482	5.420057
CCACUUGGAUCUGAAGGCUGCCC	mir565	100	-6.5917	2.92646	-10.6453	4.641437
CCAGAGAUGGUUGCCUUCCUAU	mir566	100	-5.5246	2.534902	-8.7195	3.595982
CCAGAGCAGCCUGCGGUAACAGU	mir567	100	-6.2005	2.799883	-10.3172	4.625154
CCAGAGGUGGGGACUGAG	mir568	100	-7.1867	4.192633	-10.4017	4.808456
CCAGCCACGGACUGAGAGUGCAU	mir569	100	-6.3792	3.169853	-10.4977	4.379869
CCAGGCUCUGCAGUGGGA	mir570	100	-6.4871	3.308773	-10.2452	4.207688
CCAGGCUCUGCAGUGGGAACU	mir571	100	-7.0246	3.36184	-11.0844	4.139802
CCAGGGAGGCUGGUUUGGAGGA	mir572	100	-8.5447	4.519931	-12.9083	4.857322
CCAGUAUUAACUGUGCUGCUGA	mir573	100	-4.9206	2.632191	-8.1426	3.721614
CCAGUCCUGUGCCUGCCGCCU	mir574	100	-5.3267	4.275879	-9.7977	6.109385
CCAGUGACUGAGCUGGAGCCA	mir575	100	-6.7226	3.151552	-11.1405	4.137993
CCAGUGGGGCUGCUGUUAUCUG	mir576	100	-7.5528	2.59489	-11.3305	3.749196
CCAGUUACCGCUUCCGCUACCGC	mir577	100	-4.0508	3.270684	-7.9522	5.065604
CCAGUUUUCCCAGGAUU	mir578	100	-3.5529	2.304589	-6.2479	3.421502
CCAUGUGUCUGGGCUGGGAAAC	mir579	100	-7.2883	3.302042	-11.1819	4.281912
CCCACUGCCCCAGGUGCUGCUGG	mir580	100	-7.6578	3.820653	-12.0855	5.396709
CCCAGCAGGACGGGAGCG	mir581	100	-6.1586	3.409606	-9.7603	3.981121
CCCAGGGCUUGGAGUGGGGCAAGGUU	mir582	100	-10.0475	4.610608	-15.0505	5.362088
CCCAGUGUUCAGACUACCUGUUC	mir583	100	-4.7276	2.558755	-8.5097	4.14882
CCCAGUGUUUAGACUAUCUGUUC	mir584	100	-4.371	2.497248	-7.6355	3.968864
CCCCAGGGCGACGCGGCGGG	mir585	100	-7.0343	3.305281	-11.0708	5.099938
CCCCGGUGUUGGGGCGCGUCUGC	mir586	100	-8.3333	2.973426	-12.6449	4.433024
CCCCUGGGCCGGCCUUGG	mir587	100	-6.2244	3.267238	-10.0374	5.06571
CCCCUGGGGCUGGGCAGGCGGA	mir588	100	-8.9956	3.794235	-13.8662	5.030743
CCCGCAGGUGAGAUGAGGGCU	mir589	100	-7.5428	3.491643	-11.7096	4.288711
CCCGGAGCCAGGAUGCAGCUC	mir590	100	-6.6928	2.9276	-10.8626	4.162925
CCCUGAGACCCUAACCUUAA	mir591	100	-3.2276	2.843028	-6.2043	4.624834
CCCUGCUGCCUUCACCUGCCAG	mir592	100	-4.8901	4.528236	-8.7692	6.151504
CCCUGGGCCUCUGCUCCCCAG	mir593	100	-6.148	4.141499	-10.4843	6.145221
CCCUGGGGUUCUGAGGACAUG	mir594	100	-6.9221	2.812576	-10.7608	3.744601
CCCUGUGCCCGGCCCACUUCUG	mir595	100	-5.111	4.025115	-9.6098	6.242305
CCCUUCCCUCACUCUUCUCUCAG	mir596	100	-2.8397	3.68148	-5.9509	5.343651
CCCUUGGGUCUGAUGGGGUAG	mir597	100	-7.446	3.006726	-11.3453	4.112729
CCGCACUGUGGGUACUUGCUGC	mir598	100	-6.684	2.722588	-11.115	4.415745
CCGCUUUCUGAGCUGGAC	mir599	100	-4.9568	2.268662	-8.3635	3.741304
CCGGGAGAAGGAGGUGGCCUGG	mir600	100	-8.1129	4.24533	-11.9319	4.92769
CCGGGGCAGAUUGGUGUAGGGUG	mir601	100	-8.4312	3.866097	-12.5712	4.5892
CCGGUCCCAGGAGAACCUGCAGA	mir602	100	-6.0995	2.805976	-9.9784	3.953101
CCGUCGCCGCCACCCGAGCCG	mir603	100	-4.2414	4.262984	-8.0232	6.363143
CCUCACCAUCCCUUCUGCCUGC	mir604	100	-3.7513	3.847066	-7.4707	6.230479
CCUCACCCAGCUCUCUGGCCCUCU	mir605	100	-5.2468	3.36575	-10.141	5.509368
CCUCAGAUCAGAGCCUUGC	mir606	100	-4.3667	2.102324	-7.7881	3.417431
CCUCAGGGCUGUAGAACAGGGCU	mir607	100	-6.9915	3.293388	-11.2588	3.942686
CCUCCCACACCCAAGGCUUGCA	mir608	100	-4.9242	3.190159	-8.6972	4.623001
CCUCCCUGCCCGCCUCUCUGCAG	mir609	100	-4.8132	4.340845	-9.1698	6.574352
CCUCCGUGUUACCUGUCCUCUAG	mir610	100	-3.8786	3.485558	-7.5345	5.144525
CCUCCUGCCCUCCUUGCUGU	mir611	100	-4.3403	4.013641	-7.8989	5.751868
CCUCUAGGGAAGAGAAGGUUGG	mir612	100	-5.7892	3.181104	-8.8097	3.728971
CCUCUGAAAUUCAGUUCUUCAG	mir613	100	-3.3384	2.4675	-6.0651	3.590458
CCUCUGGGCCCUUCCUCCAG	mir614	100	-5.6831	3.846496	-9.4468	5.736461
CCUCUUCCCCUUGUCUCUCCAG	mir615	100	-3.5007	3.480282	-6.7031	4.934642
CCUGACACCCCAUCUGCCCUCA	mir616	100	-3.9007	4.000238	-7.579	5.768185
CCUGAGAAAAGGGCCAA	mir617	100	-4.5097	2.577311	-7.2197	3.293487
CCUGCAGAGAGGAAGCCCUUC	mir618	100	-5.927	3.084947	-9.3551	4.111234
CCUGCUGGUCAGGAGUGGAUACUG	mir619	100	-7.9426	2.960006	-12.0365	4.025112
CCUGGCAUAUUUGGUAUAACUU	mir620	100	-4.2694	1.985709	-7.0007	2.894389
CCUGGGCAGCGUGUGGCUGAAGG	mir621	100	-8.4236	3.886515	-12.9028	5.009276
CCUGUCUGUGCCUGCUGUACA	mir622	100	-5.2558	3.465025	-8.7297	4.593866
CCUGUGCUCCCAGGGCCUCGC	mir623	100	-6.8397	3.693875	-11.0705	5.368888
CCUGUUCUCCAUUACUUGGCU	mir624	100	-4.1709	2.950213	-7.592	4.067123
CCUGUUGAAGUGUAAUCCCCA	mir625	100	-3.9912	2.43902	-6.8741	3.736349
CCUUCACUGUGACUCUGCUGCAG	mir626	100	-5.3325	3.244018	-9.2874	4.977999
CGAAAACAGCAAUUACCUUUGC	mir627	100	-2.8592	2.121663	-5.4336	3.216535
CGAAUCAUUAUUUGCUGCUCUA	mir628	100	-3.8563	2.469649	-6.6864	3.315809
CGAGGGCAUUUCAUGAUGCAGGC	mir629	100	-6.2387	2.839056	-9.7543	3.549843
CGCAGGGCCCUGGCGCAGGCAU	mir630	100	-8.3057	3.875144	-13.0393	5.829271
CGCAGGGGCCGGGUGCUCACCG	mir631	100	-8.9233	3.81106	-13.6894	5.08015
CGCAUCCCCUAGGGCAUUGGUG	mir632	100	-6.5663	2.770419	-10.2882	4.042076
CGCGCCGGGCCCGGGUU	mir633	100	-5.8087	2.828684	-9.4058	4.417237
CGCGCCUGCAGGAACUGGUAGA	mir634	100	-6.5064	2.720248	-10.6097	3.927502
CGCGCGGCCGUGCUCGGAGCAG	mir635	100	-7.1793	3.160927	-11.8406	4.801884
CGCGGGCGCUCCUGGCCGCCGCC	mir636	100	-7.5538	4.09153	-12.6746	6.905727
CGCUCUAGGCACCGCAGCA	mir637	100	-5.5658	3.066103	-9.0885	4.419532
CGCUUUGCUCAGCCAGUGUAG	mir638	100	-5.4613	2.71541	-9.2579	4.697849
CGGAUGAGCAAAGAAAGUGGUU	mir639	100	-4.7161	2.811332	-7.4228	3.608002
CGGCAACAAGAAACUGCCUGAG	mir640	100	-4.5214	2.635883	-7.4572	3.393892
CGGCCCCACGCACCAGGGUAAGA	mir641	100	-6.055	2.96247	-10.3966	4.858511
CGGCCCGGGCUGCUGCUGUUCCU	mir642	100	-7.4818	3.171097	-12.0076	5.322946
CGGCGCCCGUGUCUCCUCCAG	mir643	100	-5.2059	3.852469	-9.309	5.663358
CGGCGGCGGCGGCUCUGGGCG	mir644	100	-8.2101	3.815595	-12.5736	5.702404
CGGCUCUGGGUCUGUGGGGA	mir645	100	-7.8477	3.565504	-11.9319	4.606538
CGGGAGCUGGGGUCUGCAGGU	mir646	100	-8.7655	3.481518	-13.1271	4.492937
CGGGCAUGCUGGGAGAGACUUU	mir647	100	-7.6935	3.237638	-11.2455	3.794075
CGGGCUGUCCGGAGGGGUCGGCU	mir648	100	-9.1269	4.097123	-13.6646	5.129949
CGGGGAGAGAACGCAGUGACGU	mir649	100	-6.2946	3.576634	-9.6033	4.207842
CGGGGCAGCUCAGUACAGGAU	mir650	100	-6.5872	2.821574	-10.8007	4.118916
CGGGGCCAGAGCAGAGAGC	mir651	100	-6.4002	3.479244	-10.3044	4.360314
CGGGGCCAUGGAGCAGCCUGUGU	mir652	100	-8.3223	3.626706	-12.7984	5.278247
CGGGGCCGUAGCACUGUCUGAGA	mir653	100	-7.3232	2.866783	-11.7256	4.178427
CGGGGUUUUGAGGGCGAGAUGA	mir654	100	-7.1805	3.989898	-10.5793	4.607333
CGGGUGGGAGCAGAUCUUAUUGAG	mir655	100	-7.2691	3.662988	-10.6936	3.86748
CGGUCGCCGCGGUUCGCCGCC	mir656	100	-5.9835	3.799039	-10.0589	5.570338
CGUCAACACUUGCUGGUUUCCU	mir657	100	-5.0246	2.545027	-8.621	3.662551
CGUCCCGGGGCUGCGCGAGGCA	mir658	100	-8.3276	3.23157	-12.8973	5.009505
CGUGCCACCCUUUUCCCCAG	mir659	100	-3.3451	3.920078	-6.7718	6.041159
CUACUUCUACCUGUGUUAUCAU	mir660	100	-3.2766	2.76966	-5.8038	3.703355
CUAGACUGAAGCUCCUUGAGG	mir661	100	-4.766	2.358412	-8.0455	3.781674
CUAGCACACAGAUACGCCCAGA	mir662	100	-4.1231	2.675146	-7.6594	3.754301
CUAGGUAUGGUCCCAGGGAUCC	mir663	100	-6.6332	3.051095	-10.3561	4.201358
CUAGGUGGGGGGCUUGAAGC	mir664	100	-7.9882	3.95387	-11.4586	4.244596
CUAGUGCUCUCCGUUACAAGUA	mir665	100	-4.1893	2.290144	-7.1606	3.581279
CUAUACAACCUACUGCCUUCCC	mir666	100	-2.7041	2.952612	-5.8267	4.451912
CUAUACAACUUACUACUUUCCC	mir667	100	-1.7772	2.52357	-4.4058	3.602099
CUAUACAAUCUACUGUCUUUC	mir668	100	-2.0988	2.208632	-4.515	2.859123
CUAUACAAUCUAUUGCCUUCCC	mir669	100	-2.4747	2.287999	-5.0877	3.363818
CUAUACAGUCUACUGUCUUUCC	mir670	100	-3.0594	2.732738	-5.9977	3.829628
CUAUACGACCUGCUGCCUUUCU	mir671	100	-3.9869	3.202319	-7.1493	4.282805
CUAUACGGCCUCCUAGCUUUCC	mir672	100	-4.388	3.055992	-7.9628	5.111224
CUAUAUAUCAAACAUAUUCCU	mir673	100	-1.2395	1.630285	-3.3225	2.451069
CUAUUAAGGACAUUUGUGAUUC	mir674	100	-3.5589	2.333382	-5.644	2.994233
CUCACUGAACAAUGAAUGCAA	mir675	100	-3.22	2.086199	-5.574	2.803545
CUCAGUAGCCAGUGUAGAUCCU	mir676	100	-5.3806	2.826374	-9.6823	4.144569
CUCAUUUAAGUAGUCUGAUGCC	mir677	100	-4.1271	2.184446	-7.1239	2.759162
CUCCCACAUGCAGGGUUUGCA	mir678	100	-6.019	2.790575	-9.3934	3.347944
CUCCCACUUCCAGAUCUUUCU	mir679	100	-2.8204	2.664027	-5.5853	3.888775
CUCCCCUCUCUUUCCUGUUCAG	mir680	100	-3.1913	3.335546	-6.335	4.962717
CUCCGGGACGGCUGGGC	mir681	100	-6.5673	2.930483	-10.2578	3.777768
CUCCGUUUGCCUGUUUCGCUG	mir682	100	-4.1658	2.97081	-7.3709	4.165271
CUCCUGACUCCAGGUCCUGUGU	mir683	100	-5.5504	3.143458	-8.9567	4.431487
CUCCUGGGGCCCGCACUCUCGC	mir684	100	-6.9796	3.593175	-11.229	5.425086
CUCGAGUUGGAAGAGGCG	mir685	100	-5.4284	3.206664	-8.1891	3.417064
CUCGCCCUGUCUCCCGCUAG	mir686	100	-3.9673	4.039261	-7.6947	5.526512
CUCGGCCGCGGCGCGUAGCCCCCGCC	mir687	100	-6.9797	4.365806	-11.7959	7.025715
CUCGGCGCGGGGCGCGGGCUCC	mir688	100	-8.332	3.882549	-13.1576	5.623376
CUCGUGGGCUCUGGCCACGGCC	mir689	100	-7.6629	3.246226	-12.0261	5.328513
CUCUAGCCACAGAUGCAGUGAU	mir690	100	-5.1952	2.79053	-8.7111	3.910765
CUCUCCCUCUUUACCCACUAG	mir691	100	-2.4023	3.376407	-5.5383	4.807475
CUCUCGGACAAGCUGUAGGUC	mir692	100	-5.5473	2.513848	-9.1219	3.642091
CUCUCUGGCCGUCUACCUUCCA	mir693	100	-4.6572	3.678551	-8.224	5.459336
CUCUGAUCGCCCUCUCAGCUC	mir694	100	-4.3136	3.475147	-7.9438	5.257217
CUCUGGGAAAUGGGACAG	mir695	100	-4.8132	2.959432	-7.461	3.531616
CUCUUGAGGGAAGCACUUUCUGU	mir696	100	-6.1129	2.396717	-9.0983	3.203337
CUGAAUAGCUGGGACUACAGGU	mir697	100	-5.4889	2.484545	-9.0632	3.189867
CUGACCUAUGAAUUGACAGCC	mir698	100	-3.1436	2.201775	-5.8973	3.194108
CUGACUGAAUAGGUAGGGUCAUU	mir699	100	-5.6055	2.573492	-8.6381	3.075129
CUGACUGUUGCCGUCCUCCAG	mir700	100	-4.5154	3.106229	-8.1787	4.724093
CUGAUAAGAACAGAGGCCCAGAU	mir701	100	-5.3228	2.981944	-8.8801	3.816291
CUGCAAAGGGAAGCCCUUUC	mir702	100	-4.9656	2.52638	-8.0611	3.896898
CUGCAGACUCGACCUCCCAGGC	mir703	100	-4.8189	3.118429	-8.6131	4.237021
CUGCAGCCACUUGGGGAACUGGU	mir704	100	-7.0976	2.959583	-11.0307	3.673835
CUGCAGGCAGAAGUGGGGCUGACA	mir705	100	-8.5299	3.950233	-12.9671	4.943385
CUGCCAAUUCCAUAGGUCACAG	mir706	100	-4.0114	2.257681	-7.3309	3.686279
CUGCCACGAGCGUGCGGGCCU	mir707	100	-6.7312	3.445349	-10.8261	5.005604
CUGCCAUGUCUAAGAAGAAAAC	mir708	100	-3.3712	2.190736	-5.919	3.214352
CUGCCCUAGUCUAGCUGAAGCU	mir709	100	-5.2898	2.838516	-8.628	4.181354
CUGCCCUGGCCCGAGGGACCGA	mir710	100	-7.0506	3.396882	-10.9792	4.799316
CUGCCUGUUCUUCCACUCCAG	mir711	100	-3.9388	2.938624	-7.2707	4.285414
CUGCGCAAGCUACUGCCUUGCU	mir712	100	-4.8985	2.866018	-8.4696	4.537302
CUGGACUGAGCCAUGCUACUGG	mir713	100	-5.4193	2.517609	-9.513	4.054858
CUGGCCCUCUCUGCCCUUCCGU	mir714	100	-4.5815	3.783571	-8.5923	6.079808
CUGGCCUCUUCUUUCUCCUAG	mir715	100	-3.7473	3.252653	-7.1305	4.747091
CUGGCGGAGCCCAUUCCAUGCCA	mir716	100	-6.2533	3.233125	-10.6345	5.526745
CUGGCGGCUGUGUCUUCACAG	mir717	100	-6.287	2.933175	-9.9534	4.070438
CUGGGAGAAGAGUGGUGAAGA	mir718	100	-6.2036	3.887776	-9.0855	4.29066
CUGGGAGAAGGCUGUUUACUCU	mir719	100	-6.6692	3.188714	-9.8361	3.910714
CUGGGAGAGGGUUGUUUACUCC	mir720	100	-6.9091	3.471776	-10.2385	3.648012
CUGGGAGGUCAAGGCUGCAGU	mir721	100	-7.8864	3.267034	-11.8698	4.163061
CUGGGAGGUGGAUGUUUACUUC	mir722	100	-6.6353	3.329406	-9.9946	3.418143
CUGGGAUCUCCGGGGUCUUGGUU	mir723	100	-7.9376	3.715627	-12.1246	4.768493
CUGGGCUCCCGGACGAGGCGGG	mir724	100	-7.303	3.015186	-11.6521	4.457534
CUGGGGAGAUCCUCGAGGUUGG	mir725	100	-6.9876	3.070948	-10.7798	3.936736
CUGGGGGGAGGAGACCCUGCU	mir726	100	-8.098	4.210673	-11.6393	5.0852
CUGGGUGAGGGCAUCUGUGGU	mir727	100	-7.9286	3.434083	-11.3918	4.064626
CUGGUACAGGCCUGGGGGACAG	mir728	100	-8.0212	3.159685	-12.1314	4.472251
CUGGUUUCACAUGGUGGCUUAG	mir729	100	-5.7447	2.459617	-9.0775	3.389662
CUGUAAUAUAAAUUUAAUUUAUU	mir730	100	-1.2573	1.875882	-2.7001	2.335712
CUGUACAGCCUCCUAGCUUUCC	mir731	100	-4.1473	2.743776	-7.8614	4.723613
CUGUACAGGCCACUGCCUUGC	mir732	100	-5.2411	3.062233	-8.9459	4.724633
CUGUAUGCCCUCACCGCUCA	mir733	100	-4.1435	3.520319	-7.4149	5.141464
CUGUCCUAAGGUUGUUGAGUU	mir734	100	-5.0187	2.324872	-7.8106	2.861606
CUGUGCGUGUGACAGCGGCUGA	mir735	100	-6.5154	3.372055	-10.1301	4.242091
CUGUGGGCUCAGCUCUGGG	mir736	100	-6.7356	3.061095	-10.5627	4.343537
CUGUUGCCACUAACCUCAACCU	mir737	100	-3.6014	3.148167	-7.0849	4.930364
CUUAGCAGGUUGUAUUAUCAUU	mir738	100	-4.5293	2.283818	-7.0346	2.933755
CUUAUCAGAUUGUAUUGUAAUU	mir739	100	-2.6886	1.832814	-4.7758	2.545851
CUUAUGCAAGAUUCCCUUCUAC	mir740	100	-3.169	2.225684	-5.5795	3.178775
CUUCCCCCCAGUAAUCUUCAUC	mir741	100	-2.8765	3.339365	-6.0201	4.45078
CUUCCGCCCCGCCGGGCGUCG	mir742	100	-5.5234	3.51773	-9.5626	5.419589
CUUCCGGUCUGUGAGCCCCGUC	mir743	100	-5.9118	3.343177	-9.7314	5.448623
CUUCCUCGUCUGUCUGCCCC	mir744	100	-3.7357	3.831013	-7.161	5.199267
CUUCUCUUCUCUCCUUCCCAG	mir745	100	-2.2485	3.246046	-5.0759	4.619048
CUUCUGAUCAAGAUUUGUGGUG	mir746	100	-4.2579	1.989151	-7.1841	2.685906
CUUCUGCCUGCAUUCUACUCCCAG	mir747	100	-4.2407	3.360509	-7.592	4.941923
CUUGGAUUUUCCUGGGCCUCAG	mir748	100	-5.7184	2.853259	-9.5172	4.151685
CUUGGCACCAUUAAAAAGUACA	mir749	100	-3.4675	2.047031	-6.283	2.976554
CUUGGCACCUAGCAAGCACUCA	mir750	100	-4.9282	2.460447	-8.4588	3.75497
CUUGGUUCAGGGAGGGUCCCCA	mir751	100	-7.669	3.783135	-11.2555	4.476855
CUUUCAGUCAGAUGUUUGCUGC	mir752	100	-5.0622	2.396804	-8.2415	3.805448
CUUUCAGUCGGAUGUUUACAGC	mir753	100	-4.2967	2.118737	-7.037	2.981115
CUUUCAGUCGGAUGUUUGCAGC	mir754	100	-5.2553	2.309056	-8.4872	3.733367
CUUUGAGCACAUGAGCAGACGGA	mir755	100	-5.3698	2.970438	-8.4676	3.794757
CUUUGCUUCCUGCUCCCCUAG	mir756	100	-3.9012	3.485022	-7.1908	4.9117
CUUUUUGCGGUCUGGGCUUGC	mir757	100	-6.9626	2.778219	-10.0506	3.890706
GAAAACGACAAUGACUUUUGCA	mir758	100	-2.8104	2.043072	-5.0008	2.756101
GAAAAUCCUUUUUGUUUUUCCAG	mir759	100	-2.6708	2.314042	-4.969	3.101068
GAAAAUGAUGAGUAGUGACUGAUG	mir760	100	-4.4448	2.64302	-7.2441	3.090178
GAAAGCGCUUCCCUUUGCUGGA	mir761	100	-4.9215	2.588407	-8.4341	4.340912
GAAAGUAAUUGCUGUUUUUGCC	mir762	100	-3.9754	2.525826	-6.4804	2.997363
GAAAGUACAGAUCGGAUGGGU	mir763	100	-4.72	2.566657	-7.5108	3.318384
GAAAUCAAGCGUGGGUGAGACC	mir764	100	-6.0918	2.839444	-9.3634	3.175098
GAACUCACCCUCUGCUCCCAG	mir765	100	-3.9471	3.708455	-7.454	5.689158
GAAGACUUCUUGGAUUACAGGGG	mir766	100	-4.9939	2.502167	-8.0402	3.368515
GAAGAUGGACGUACUUU	mir767	100	-3.6602	2.459648	-5.8056	3.099179
GAAGAUGGUGCUGUGCUGAGGAA	mir768	100	-7.308	3.463526	-11.4154	3.867316
GAAGGACCUGCACCUUCG	mir769	100	-4.3093	2.433748	-6.8941	3.062612
GAAGGCAGCAGUGCUCCCCUGU	mir770	100	-6.5348	3.044436	-10.3459	4.158349
GAAGGCGCUUCCCUUUGGAGU	mir771	100	-5.4431	2.396617	-8.6333	3.669297
GAAGUGCUUCGAUUUUGGGGUGU	mir772	100	-6.2073	3.126635	-9.889	3.591556
GAAGUUGUUCGUGGUGGAUUCG	mir773	100	-5.9053	2.681494	-9.019	3.39601
GAAUAUGGGUAUAUUAGUUUGG	mir774	100	-3.7298	2.185131	-6.1009	2.649701
GAAUCGGAAAGGAGGCGCCG	mir775	100	-5.679	2.933062	-8.8804	3.739522
GACAAUUGUUGAUCUUGGGCCU	mir776	100	-5.4803	2.80671	-8.8637	3.743598
GACACAUGACCAUAAAUGCUAA	mir777	100	-2.7386	2.073726	-5.2483	2.783902
GACACGGGCGACAGCUGCGGCCC	mir778	100	-7.0238	3.570627	-11.5017	5.067926
GACAGAGUGCCACUUACUGAA	mir779	100	-4.4908	2.853481	-7.7614	3.846839
GACAUUCAGACUACCUG	mir780	100	-2.7725	2.360848	-5.4979	3.055292
GACCGAGAGGGCCUCGGCUGU	mir781	100	-7.2836	3.073198	-11.2425	4.369245
GACUAUAGAACUUUCCCCCUCA	mir782	100	-2.9151	2.870055	-5.5803	4.291911
GACUCACUCACAGGAUUGUGCA	mir783	100	-4.9147	2.692608	-7.7554	3.500073
GACUGACACCUCUUUGGGUGAA	mir784	100	-5.3628	2.833654	-8.8774	3.956982
GACUGGACAAGCUGAGGAA	mir785	100	-4.982	2.843732	-8.2447	3.347416
GAGAGCAGUGUGUGUUGCCUGG	mir786	100	-6.4562	3.000841	-10.6882	4.195352
GAGAGGAACAUGGGCUCAGGACA	mir787	100	-6.6727	3.633369	-10.3041	4.171052
GAGCAGGCGAGGCUGGGCUGAA	mir788	100	-8.4609	3.732649	-12.6401	4.313834
GAGCCAGUGGUGAGACAGUGA	mir789	100	-6.5398	3.237821	-10.185	3.925511
GAGCCCCUCUCUGCUCUCCAG	mir790	100	-4.4067	3.60279	-8.336	5.648248
GAGCUUAUUCAUAAAAGUGCAG	mir791	100	-3.7753	2.223086	-6.4164	3.216683
GAGGAAACUGAAGCUGAGAGGG	mir792	100	-6.1025	3.900987	-9.4219	3.945335
GAGGCAGAAGCAGGAUGACA	mir793	100	-5.6775	3.564419	-8.5146	4.143449
GAGGCUGAGCUGAGGAG	mir794	100	-6.2745	3.258697	-9.396	3.726525
GAGGCUGAUGUGAGUAGACCACU	mir795	100	-6.487	2.90212	-10.2817	3.624465
GAGGGCAGAGCCAGCUUCCUGA	mir796	100	-6.9575	3.341614	-11.109	4.626488
GAGGGCAUGCGCACUUUGUCC	mir797	100	-6.1269	2.685133	-9.5143	4.020963
GAGGGUCUUGGGAGGGAUGUGAC	mir798	100	-8.1809	4.418446	-11.9443	4.570643
GAGGGUUGGGUGGAGGCUCUCC	mir799	100	-8.9195	3.928651	-12.9961	4.697839
GAGGUUUGGGGAGGAUUUGCU	mir800	100	-7.113	3.808185	-10.273	4.220077
GAGUGCCUUCUUUUGGAGCGUU	mir801	100	-5.6466	2.529496	-9.4809	3.949626
GAGUGGGGCUUCGACCCUAACC	mir802	100	-6.4775	2.739174	-9.8321	3.685978
GAGUUCUACAGUCAGAC	mir803	100	-3.1994	2.193194	-5.753	3.224811
GAUAUCAGCUCAGUAGGCACCG	mir804	100	-5.5717	2.354733	-9.7481	4.312872
GAUAUUCAGAGGCUAGGUGG	mir805	100	-6.3852	3.242994	-9.2926	3.779547
GAUCCCUUUAUCUGUCCUCUAG	mir806	100	-3.0031	3.107328	-6.0683	4.317574
GAUCUCACUUUGUUGCCCAGG	mir807	100	-4.3907	2.882972	-7.8733	4.215869
GAUGAGCUCAUUGUAAUAUGAG	mir808	100	-3.9368	2.257606	-6.6203	3.107463
GAUGAUGAUGGCAGCAAAUUCUGAAA	mir809	100	-4.9055	2.641431	-8.1834	3.641065
GAUGAUGCUGCUGAUGCUG	mir810	100	-4.7971	2.754989	-8.4408	3.803767
GAUGCGCCGCCCACUGCCCCGCGC	mir811	100	-4.9835	4.556591	-9.4686	7.117536
GAUGUACUGAACUGGGUCAGAC	mir812	100	-5.3528	2.423432	-8.9964	3.086433
GCAAAGCACACGGCCUGCAGAGA	mir813	100	-5.5542	3.03545	-9.3598	4.075492
GCACCCAGGCAAGGAUUCUG	mir814	100	-5.2944	2.427067	-9.1238	3.759927
GCAGCAGAGAAUAGGACUACGUC	mir815	100	-4.6526	2.879341	-7.836	3.572283
GCAGCAGGGUGAAACUGACACA	mir816	100	-6.1232	3.351485	-9.332	3.782721
GCAGCCCAGCUGAGGCCUCUG	mir817	100	-6.8744	3.28088	-11.3876	5.354903
GCAGGAACUUGUGAGUCUCCU	mir818	100	-5.3659	2.354126	-9.0196	3.427633
GCAGGACAGGCAGAAGUGGAU	mir819	100	-6.1113	3.981175	-9.7136	4.3513
GCAGUCCAUGGGCAUAUACAC	mir820	100	-5.7478	2.935001	-9.1993	3.624696
GCAGUGGCUCUGAAAUGAACUC	mir821	100	-5.267	2.449784	-8.2668	3.397605
GCAGUUCUGAGCACAGUACAC	mir822	100	-4.9929	2.4889	-8.7276	3.486154
GCAUUGUGCAGGGCUAUCA	mir823	100	-6.1895	2.585138	-9.5107	3.464546
GCCCAAAGGUGAAUUUUUUGGG	mir824	100	-4.6158	2.394841	-7.8087	3.313104
GCCCAGGACUUUGUGCGGGGUG	mir825	100	-7.4106	3.282593	-11.8621	4.288794
GCCCCGGGCAGUGUGAUCAUC	mir826	100	-6.4118	2.649175	-10.1615	4.042054
GCCCCUGGGCCUAUCCUAGAA	mir827	100	-5.6625	3.643017	-9.5415	5.305205
GCCCGGAGAGCUGGGAGCCAG	mir828	100	-8.0868	3.519295	-12.7743	4.798146
GCCCUCUGUCACCUUGCAGACG	mir829	100	-4.8655	3.23243	-8.7343	4.78413
GCCCUGACCUGUCCUGUUCUG	mir830	100	-4.356	4.06351	-8.1676	5.95774
GCCUGGAGCUACUCCACCAUCUC	mir831	100	-5.9291	3.507598	-10.5095	5.616485
GCGACCCACUCUUGGUUUCCA	mir832	100	-4.6514	3.022742	-8.3943	4.940607
GCGACCCAUACUUGGUUUCAG	mir833	100	-4.3752	2.377482	-7.9995	3.91291
GCGCUGACCCGCCUUCUCCGCA	mir834	100	-4.8424	3.64004	-9.4844	6.084406
GCGCUUCGACGGGCUGGGCUGUG	mir835	100	-7.8071	3.249787	-12.0633	4.801395
GCGGUGAUCCCGAUGGUGUGAGC	mir836	100	-6.805	3.014896	-10.6057	4.179728
GCUAAGGAAGUCCUGUGCUCAG	mir837	100	-5.9872	3.132967	-9.8216	4.317289
GCUACUUCACAACACCAGGGCC	mir838	100	-4.8856	2.713604	-8.4702	4.242449
GCUCAUCCCCAUCUCCUUUCAG	mir839	100	-3.1454	3.472182	-6.3979	5.14605
GCUCGGACUGAGCAGGUGGG	mir840	100	-6.9552	3.236217	-11.0238	4.191621
GCUCUGACGAGGUUGCACUACU	mir841	100	-5.6328	2.395969	-9.3631	3.681707
GCUCUGACUUUAUUGCACUACU	mir842	100	-3.6919	2.619877	-6.8721	3.611955
GCUGAACUGGGCUGAGCUGGGC	mir843	100	-7.3159	3.249589	-11.3184	4.308078
GCUGACAGCAGGGCUGGCCGCU	mir844	100	-7.6946	3.590379	-12.187	4.529903
GCUGACUCCUAGUCCAGGGCUC	mir845	100	-6.7094	3.407421	-10.9258	4.812259
GCUGAUGAUGAUGGUGCUGAAG	mir846	100	-5.4629	2.794986	-8.7286	3.447633
GCUGCACCGGAGACUGGGUAA	mir847	100	-7.0133	2.879744	-10.9939	3.665586
GCUGCGCUUGGAUUUCGUCCCC	mir848	100	-5.38	2.498319	-9.1109	4.108532
GCUGGGAUUACAGGCAUGAGCC	mir849	100	-6.3348	2.856162	-10.2595	3.726275
GCUGGGCAGGGCUUCUGAGCUCCUU	mir850	100	-8.6687	3.469159	-13.2171	5.718888
GCUGGUCUGCGUGGUGCUCGG	mir851	100	-7.6035	3.204127	-11.7933	4.723752
GCUGGUGACAUGAGAGGC	mir852	100	-5.6379	2.685502	-9.1092	3.477857
GCUGGUGCAAAAGUAAUGGCGG	mir853	100	-5.7345	2.834885	-9.1743	4.10652
GCUGGUUUCAUAUGGUGGUUUAGA	mir854	100	-6.2695	3.12314	-9.8497	4.166531
GCUUGUCGCUGCGGUGUUGCU	mir855	100	-6.6188	3.115658	-10.3479	4.135969
GGACCCACCCGGCCGGGAAUA	mir856	100	-5.4179	3.35938	-9.0973	5.129703
GGAGGAACCUUGGAGCUUCGGC	mir857	100	-7.1287	2.974534	-11.2444	4.316174
GGAGGCGCAGGCUCGGAAAGGCG	mir858	100	-7.536	3.903863	-11.7139	4.953728
GGAGGGGUCCCGCACUGGGAGG	mir859	100	-8.0456	3.753168	-12.4043	4.839889
GGAUAUCAUCAUAUACUGUAAG	mir860	100	-2.6908	1.984658	-5.0857	2.863814
GGAUUCCUGGAAAUACUGUUCU	mir861	100	-4.1296	2.272734	-6.9713	3.350371
GGCAGGAGGGCUGUGCCAGGUUG	mir862	100	-9.3545	4.415606	-13.7594	5.447734
GGCAGGUUCUCACCCUCUCUAGG	mir863	100	-5.7134	2.883965	-9.4946	4.872603
GGCCAGCCACCAGGAGGGCUG	mir864	100	-7.4837	3.375751	-12.0196	4.740166
GGCCUUGUUCCUGUCCCCA	mir865	100	-4.1912	3.29244	-7.5812	4.086274
GGCGACAAAACGAGACCCUGUC	mir866	100	-3.8315	2.530764	-6.8871	3.656961
GGCUACAACACAGGACCCGGGC	mir867	100	-5.109	2.755244	-9.0426	4.246023
GGCUAGCAACAGCGCUUACCU	mir868	100	-4.5163	2.729324	-7.9978	4.071201
GGCUCAAUCUCUGGUCCUGCAGCC	mir869	100	-6.6563	3.315621	-11.2445	5.363417
GGCUCAUGUGUCUGUCCUCUUC	mir870	100	-5.1777	3.05515	-8.9696	4.499198
GGCUCCUCCUCUCAGGAUGUG	mir871	100	-5.3438	2.782527	-8.9996	4.811804
GGCUCCUUGGUCUAGGGGUA	mir872	100	-7.5945	3.431039	-11.0647	4.35357
GGCUGGAGCGAGUGCAGUGGUG	mir873	100	-8.7178	3.931159	-13.1133	4.740935
GGCUUCUUUACAGUGCUGCCUUG	mir874	100	-5.5127	2.86365	-9.6299	4.211523
GGCUUUCUAGUCUCAGCUCUCC	mir875	100	-4.9551	3.216873	-8.608	4.604265
GGGAAGAGCUGUACGGCCUUC	mir876	100	-6.341	2.995961	-10.0876	4.29267
GGGACCCAGGGAGAGACGUAAG	mir877	100	-6.4246	3.418638	-10.1365	4.011959
GGGAGCCAGGAAGUAUUGAUGU	mir878	100	-6.2354	3.09741	-9.9286	3.746061
GGGAGGUGUGAUCUCACACUCG	mir879	100	-6.4415	3.02361	-9.8289	3.786636
GGGAGUGCAGGGCAGGGUUUC	mir880	100	-7.9379	3.911839	-11.9404	4.551878
GGGCCUCUCUUGUCAUCCUGCAG	mir881	100	-5.4514	3.608101	-9.539	5.25946
GGGGAACUGUAGAUGAAAAGGC	mir882	100	-5.0982	2.862167	-8.0968	3.321354
GGGGAGCUGUGGAAGCAGUA	mir883	100	-7.2828	3.797083	-10.7835	4.120759
GGGGGGAUGUGCAUGCUGGUU	mir884	100	-8.0001	3.729696	-11.8741	4.386592
GGGGGUCCCCGGUGCUCGGAUC	mir885	100	-8.301	3.831469	-12.7815	5.771144
GGGGUAUUGUUUCCGCUGCCAGG	mir886	100	-6.7242	3.131556	-10.8073	4.961308
GGGGUGGUCUGUUGUUG	mir887	100	-6.0432	3.257574	-8.8382	3.435141
GGGGUUCCUGGGGAUGGGAUUU	mir888	100	-7.7905	3.383269	-11.6739	4.396933
GGUAGUGAGUUAUCAGCUAC	mir889	100	-5.0122	2.400983	-8.2689	3.038553
GGUCCAGAGGGGAGAUAGGUUC	mir890	100	-6.9374	3.770016	-10.3058	4.308254
GGUGCAGUGCUGCAUCUCUGGU	mir891	100	-7.3646	3.098278	-11.4888	4.470405
GGUGGCCCGGCCGUGCCUGAGG	mir892	100	-7.7569	3.770378	-12.1926	5.631943
GGUGGGGGGUGUUGUUUU	mir893	100	-7.3314	4.3509	-10.1249	4.697009
GGUUCUUAGCAUAGGAGGUCU	mir894	100	-5.8441	3.116253	-9.4085	3.653202
GUAAGCAGGGGCUCUGGGUGA	mir895	100	-7.7642	3.592747	-11.7624	4.106371
GUACCUUCUGGUUCAGCUAGU	mir896	100	-5.3764	2.693145	-8.9986	3.939177
GUAGAGGAGAUGGCGCAGGG	mir897	100	-7.1067	4.032071	-10.5846	4.052306
GUAGCACCUUGCAGGAUAAGGU	mir898	100	-5.5389	2.457027	-9.0301	3.343121
GUAGGUGACAGUCAGGGGCGG	mir899	100	-7.2995	3.952583	-10.9109	4.733775
GUCACUGAUGUCUGUAGCUGAG	mir900	100	-5.7049	2.890214	-9.3237	4.210316
GUCAUACACGGCUCUCCUCUCU	mir901	100	-4.3115	3.173443	-7.6819	4.351235
GUCCACUUCUGCCUGCCCUGCC	mir902	100	-4.4106	4.174459	-8.1661	6.322133
GUCCAGUUUUCCCAGGAAUCCCU	mir903	100	-4.3796	2.909336	-8.0572	4.750308
GUCCCUCUCCAAAUGUGUCUUG	mir904	100	-2.9862	2.673683	-6.1529	3.62826
GUCCGCUCGGCGGUGGCCCA	mir905	100	-7.4696	3.370434	-11.8101	5.107664
GUCCUAGGAGGCUCCUCUG	mir906	100	-6.1141	2.809897	-9.6968	4.157729
GUCCUCCAGGCCAUGAGCUGCGG	mir907	100	-6.5492	2.972486	-11.2908	4.345445
GUGAAAUGUUUAGGACCACUAG	mir908	100	-4.4142	2.230332	-7.3592	2.939499
GUGAACGGGCGCCAUCCCGAGG	mir909	100	-5.7712	2.972871	-9.713	5.321011
GUGAAGGCCCGGCGGAGA	mir910	100	-6.3302	3.158366	-9.7039	4.253388
GUGAAUUACCGAAGGGCCAUAA	mir911	100	-4.6175	2.568194	-7.6293	3.695722
GUGACAUCACAUAUACGGCAGC	mir912	100	-3.5938	2.659957	-6.3273	3.574113
GUGACUGAUACCUUGGAGGCAU	mir913	100	-6.1077	2.743179	-9.6744	3.567894
GUGAGACUUCUCUCCCUUCAG	mir914	100	-3.7339	2.845647	-6.9805	4.323809
GUGAGCCAGUGGAAUGGAGAGG	mir915	100	-6.4312	3.032481	-10.305	4.02261
GUGAGGGACUGGGAUUUGUGG	mir916	100	-6.9435	3.664105	-10.5369	4.299038
GUGAGGGCAUGCAGGCCUGGAUGGGG	mir917	100	-9.7875	4.623824	-14.6259	5.515403
GUGAGUCUCUAAGAAAAGAGGA	mir918	100	-3.9862	2.626933	-6.8565	3.100279
GUGAGUGGGAGCCCCAGUGUGUG	mir919	100	-7.917	3.78419	-11.9495	4.965092
GUGAUGGAGAGCAAUACC	mir920	100	-4.5739	2.600361	-7.2384	2.926874
GUGCAAAAGUCAUCACGGUU	mir921	100	-3.5839	2.191607	-6.5764	2.953811
GUGCAUGGCUGUAUAUAUAACA	mir922	100	-4.8973	2.400539	-8.079	3.016301
GUGCAUUGCUGUUGCAUUGC	mir923	100	-4.9194	2.521005	-7.8283	3.485488
GUGCAUUGUAGUUGCAUUGCA	mir924	100	-4.7155	2.362854	-7.6978	3.38458
GUGCCAGCUGCAGUGGGGGAG	mir925	100	-7.909	3.542017	-12.2961	4.600728
GUGCGGAACGCUGGCCGGGGCG	mir926	100	-8.0627	3.574195	-12.354	4.658473
GUGGACCAGGAUGGCAAGGGCU	mir927	100	-7.6754	3.592505	-11.716	4.617505
GUGGAGUCCUGGGGAAUGGAGA	mir928	100	-7.4214	3.517689	-11.2225	4.22696
GUGGCUCUGUAGUAAGAUGGA	mir929	100	-5.3717	2.767837	-8.6018	3.527866
GUGGCUGCACUCACUUCCUUC	mir930	100	-5.1448	2.761971	-8.5027	4.257779
GUGGUCUCUUGGCCCCCAG	mir931	100	-5.3806	2.911702	-9.1296	4.917414
GUGGUUAUCCCUGCUGUGUUCG	mir932	100	-5.1973	2.735583	-8.6677	4.192052
GUGGUUAUCCCUGUCCUGUUCG	mir933	100	-4.7223	3.29785	-7.8866	4.448061
GUGUCUGCUUCCUGUGGGA	mir934	100	-5.6143	2.830175	-9.1985	4.180308
GUGUCUUUUGCUCUGCAGUCA	mir935	100	-5.075	3.099267	-8.2655	4.269451
GUGUGACCACCGUUCCUGCAG	mir936	100	-4.4103	3.245639	-8.0201	5.235029
GUGUGCGGAAAUGCUUCUGCU	mir937	100	-5.2981	2.584573	-8.5526	3.657435
GUGUUGAAACAAUCUCUACUG	mir938	100	-2.7013	1.7688	-4.987	2.425093
GUUCAAAUCCAGAUCUAUAAC	mir939	100	-2.6924	2.281768	-4.8189	3.086394
GUUCCACACUGACACUGCAGAAGU	mir940	100	-4.9365	3.113645	-7.9991	3.770815
GUUCCUGCUGAACUGAGCCAG	mir941	100	-4.6835	2.588199	-8.1542	3.589365
GUUCUCCCAACGUAAGCCCAGC	mir942	100	-3.4242	2.838589	-6.9024	4.258851
GUUCUGUUAACCCAUCCCCUCA	mir943	100	-3.1234	3.183582	-6.1871	4.900454
GUUGGGACAAGAGGACGGUCUU	mir944	100	-6.0844	3.362321	-9.5843	3.614761
GUUUUACCACCUCCAGGAGACU	mir945	100	-4.7409	2.626079	-7.8944	3.742504
UAAAAACUGCAAUUACUUUC	mir946	100	-2.2831	1.969058	-4.1644	2.758816
UAAAAACUGCAAUUACUUUUA	mir947	100	-2.2372	1.98562	-4.1609	2.696789
UAAAACCCACAAUUAUGUUUGU	mir948	100	-2.1998	1.863015	-4.5351	2.622111
UAAAACUGCAGUUAUUUUUGC	mir949	100	-3.0567	2.02841	-5.1376	2.612403
UAAAACUUUAAGUGUGCCUAGG	mir950	100	-3.8923	2.060589	-7.0965	2.853839
UAAAGAACUCUUAAAACCCAAU	mir951	100	-2.0911	2.023915	-4.1054	2.750023
UAAAGACUGUAGAGGCAACUGGU	mir952	100	-5.8032	2.7023	-9.0434	3.459511
UAAAGAGCCCUGUGGAGACA	mir953	100	-5.7468	2.766059	-8.9877	3.820674
UAAAGGUUUGUUUGUAAA	mir954	100	-2.9687	2.008832	-5.0801	2.745262
UAAAGUGCUGACAGUGCAGAU	mir955	100	-5.3654	2.683797	-8.6552	3.248219
UAAAGUGCUUAUAGUGCAGGUAG	mir956	100	-5.1697	2.358128	-8.4808	3.323484
UAAAUAGAGUAGGCAAAGGACA	mir957	100	-4.7933	3.030618	-7.7021	3.196943
UAAAUCCCAUGGUGCCUUCUCCU	mir958	100	-4.9108	3.151111	-8.6286	4.82252
UAAAUUUCACCUUUCUGAGAAGA	mir959	100	-3.3457	2.208092	-5.8384	3.25784
UAAAUUUCACCUUUCUGAGAAGG	mir960	100	-3.5276	2.279716	-6.169	3.443692
UAACAAACACCUGUAAAACAGC	mir961	100	-2.6998	2.164846	-5.2925	2.73146
UAACACUGUCUGGUAAAGAUGG	mir962	100	-4.514	2.366522	-7.4691	2.971591
UAACACUGUCUGGUAACGAUGU	mir963	100	-4.1469	2.127046	-6.9178	2.610168
UAACAGUCUACAGCCAUGGUCG	mir964	100	-4.4642	2.382119	-7.7333	3.450842
UAACGCAUAAUAUGGACAUGU	mir965	100	-2.8844	1.815694	-5.0708	2.628035
UAACUGGUUGAACAACUGAACC	mir966	100	-3.7815	2.377269	-6.272	2.981033
UAAGGCACCCUUCUGAGUAGA	mir967	100	-5.0107	2.375264	-8.5818	4.211309
UAAGGCACGCGGUGAAUGCCAA	mir968	100	-5.9515	2.621382	-9.4345	3.898123
UAAGGGGUGUAUGGCAGAUGCA	mir969	100	-6.8794	3.5582	-10.1013	4.230755
UAAGGUGCAUCUAGUGCAGAUAG	mir970	100	-5.7887	2.760622	-9.0212	3.551934
UAAGGUGCAUCUAGUGCAGUUAG	mir971	100	-5.9026	2.790843	-9.2479	3.47484
UAAGUGCUUCCAUGUUUGAGUGU	mir972	100	-4.8851	2.758922	-8.4985	3.880029
UAAGUGCUUCCAUGUUUUAGUAG	mir973	100	-4.3138	2.691249	-7.1389	3.528053
UAAGUGCUUCCAUGUUUUGGUGA	mir974	100	-5.6115	3.075658	-8.9517	3.993385
UAAUACUGCCGGGUAAUGAUGGA	mir975	100	-5.2771	2.454068	-8.6832	3.181628
UAAUACUGCCUGGUAAUGAUGA	mir976	100	-4.4692	2.428304	-7.2057	3.284588
UAAUACUGUCUGGUAAAACCGU	mir977	100	-3.8812	2.134931	-6.3234	3.021143
UAAUCCUUGCUACCUGGGUGAGA	mir978	100	-5.9437	2.828112	-9.915	3.681782
UAAUCUCAGCUGGCAACUGUGA	mir979	100	-5.5724	2.481592	-8.7637	3.403113
UAAUGAUUCAUCAGACUCAGAU	mir980	100	-3.164	2.767931	-5.883	3.387318
UAAUGCCCCUAAAAAUCCUUAU	mir981	100	-1.9878	2.652727	-4.3546	3.659159
UAAUUUUAUGUAUAAGCUAGU	mir982	100	-2.5989	1.856251	-4.8261	2.628789
UACAAGUCAGGAGCUGAAGCAG	mir983	100	-5.8913	3.088831	-9.7233	3.365769
UACACAAGAAAACCAAGGCUCA	mir984	100	-3.8895	2.327809	-6.936	3.261524
UACAGAUGCAGAUUCUCUGACUUC	mir985	100	-4.5369	2.273417	-7.6473	2.926013
UACAGCCCUGUGAUCUUUCCAG	mir986	100	-4.3192	3.249	-7.5129	4.314101
UACAGUACUGUGAUAACUGAA	mir987	100	-3.633	2.276998	-6.3496	2.967645
UACAGUAUAGAUGAUGUACU	mir988	100	-2.8764	2.078034	-5.0581	2.546362
UACCACAGGGUAGAACCACGG	mir989	100	-5.1851	2.682708	-8.4023	3.689512
UACCAUUAGAAGAGCUGGAAGA	mir990	100	-5.1147	2.763798	-7.8819	3.253445
UACCCAGAGCAUGCAGUGUGAA	mir991	100	-5.927	2.859127	-9.7964	3.703176
UACCCAGUCUCCGGUGCAGCC	mir992	100	-5.7813	2.917941	-9.9098	4.999656
UACCCAUUGCAUAUCGGAGUUG	mir993	100	-4.9107	2.090021	-8.1253	2.869674
UACCCUGUAGAACCGAAUUUGUG	mir994	100	-3.7593	2.730437	-6.4645	3.441931
UACCCUGUAGAUCCGAAUUUGUG	mir995	100	-4.1978	3.077575	-7.1013	4.104445
UACCUGGGAGACUGAGGUUGGA	mir996	100	-6.9069	3.115973	-11.1632	3.806974
UACGCGCAGACCACAGGAUGUC	mir997	100	-4.9404	2.527356	-8.4778	3.4511
UACGUAGAUAUAUAUGUAUUUU	mir998	100	-2.0346	1.950582	-3.9074	2.418259
UACGUCAUCGUUGUCAUCGUCA	mir999	100	-3.0191	2.470203	-5.8177	3.415683
UACUAACUGCAGAUUCAAGUGA	mir1000	100	-3.9248	2.222732	-6.3724	3.074576
UACUCAAAAAGCUGUCAGUCA	mir1001	100	-3.8337	1.991711	-6.8409	3.107087
UACUCAGGAGAGUGGCAAUCAC	mir1002	100	-5.9895	2.628572	-9.5259	3.161385
UACUCUGGAGAGUGACAAUCAUG	mir1003	100	-4.8923	2.321113	-7.8745	3.158397
UACUGCAUCAGGAACUGAUUGGA	mir1004	100	-5.2055	2.201439	-8.4534	2.895674
UACUUACCUGUCCCCUACCCCA	mir1005	100	-2.9658	4.075234	-5.817	5.356282
UACUUGGAAAGGCAUCAGUUG	mir1006	100	-4.7425	2.180537	-7.6778	3.011033
UACUUUUCUAGGUUGUUGGGG	mir1007	100	-5.8926	3.158375	-8.9777	3.182025
UAGAGAGGGGAAGGAUGUGAUGU	mir1008	100	-6.6019	4.440798	-9.3572	4.638739
UAGAGGAAGCUGUGGAGAGA	mir1009	100	-6.269	3.519805	-8.998	3.512031
UAGAGGUUCUAAUGGUCCAGGGUUA	mir1010	100	-6.9719	3.249929	-10.5303	3.876193
UAGAUAAAAUAUUGGUACCUG	mir1011	100	-3.1575	1.674596	-5.3831	2.294522
UAGAUCUUUGACUCUGGCAGUCUCCAGG	mir1012	100	-6.768	3.229449	-11.3656	5.365323
UAGCAAAAACUGCAGUUACUUU	mir1013	100	-3.4833	2.017281	-6.1326	2.64693
UAGCACCAUCUGAAAUCGGUUA	mir1014	100	-3.809	2.046734	-6.8631	3.298684
UAGCACCAUUUGAAAUCAGUGUU	mir1015	100	-3.6433	2.016857	-6.3282	2.777322
UAGCACCAUUUGAAAUCGGUUA	mir1016	100	-3.6581	2.110362	-6.2392	2.974861
UAGCAGCACAGAAAUAUUGGC	mir1017	100	-4.1226	2.473485	-6.8189	3.4008
UAGCAGCACAUAAUGGUUUGUG	mir1018	100	-4.3992	2.368557	-7.2878	3.381238
UAGCAGCACAUCAUGGUUUACA	mir1019	100	-4.4284	2.322515	-7.5288	3.14659
UAGCAGCACGUAAAUAUUGGCG	mir1020	100	-3.9132	2.152278	-6.4751	3.031013
UAGCAGCGGGAACAGUUCUGCAG	mir1021	100	-5.7771	3.036058	-9.6288	4.164022
UAGCCCCCAGGCUUCACUUGGCG	mir1022	100	-5.8297	3.183105	-10.3098	4.981797
UAGCCUUCAGAUCUUGGUGUUUU	mir1023	100	-5.3879	2.176725	-8.8535	3.490016
UAGCGGGGAUUCCAAUAUUGG	mir1024	100	-5.1205	2.75532	-8.0082	3.664612
UAGCUUAUCAGACUGAUGUUGA	mir1025	100	-4.2265	2.240178	-7.0811	3.067468
UAGGACUGUGCUUGGCACAUAG	mir1026	100	-6.1759	2.219999	-9.8012	3.278069
UAGGAGCUCAACAGAUGCCUGUU	mir1027	100	-5.8564	2.763062	-9.6415	3.502718
UAGGAGGGAAUAGUAAAAGCAG	mir1028	100	-5.0102	3.61636	-7.8311	3.627466
UAGGAUUACAAGUGUCGGCCAC	mir1029	100	-4.9771	2.516511	-8.456	3.433095
UAGGCAGUGUAUUGCUAGCGGCUGU	mir1030	100	-6.7909	2.828629	-10.5238	4.293499
UAGGCAGUGUCAUUAGCUGAUUG	mir1031	100	-5.6264	2.680451	-8.844	3.938589
UAGGCCACAGCCACCCAUGUGU	mir1032	100	-4.8221	3.322047	-8.673	4.962445
UAGGGGAAAAGUCCUGAUCCGG	mir1033	100	-5.5024	2.788051	-8.7003	3.835552
UAGGGGCAGCAGAGGACCUGGG	mir1034	100	-7.9947	3.975555	-12.4245	4.577495
UAGGGUACUCAGAGCAAGUUGU	mir1035	100	-5.5427	2.757304	-9.0758	3.207417
UAGGGUAGACACUGACAACGUU	mir1036	100	-5.0519	3.058743	-7.7486	3.286223
UAGGUAGAGUGUGAGGAGGAGGUC	mir1037	100	-7.5664	4.873472	-11.5038	4.907029
UAGGUAGUUUCAUGUUGUUGGG	mir1038	100	-5.3285	2.747201	-8.7219	3.572108
UAGGUAGUUUCCUGUUGUUGGG	mir1039	100	-5.7515	2.685982	-9.2127	3.569017
UAGGUGGCAGAGGAGGGACUUCA	mir1040	100	-8.3649	4.128473	-12.0013	4.597647
UAGGUGGCGCCGGAGGAGUCAUU	mir1041	100	-7.9276	3.182012	-11.9501	3.959124
UAGUACCAGUACCUUGUGUUCA	mir1042	100	-4.3071	2.701863	-7.7164	3.651426
UAGUACUGUGCAUAUCAUCUAU	mir1043	100	-4.0043	2.412563	-6.7484	3.453911
UAGUCCCUUCCUUGAAGCGGUC	mir1044	100	-4.5758	2.459608	-8.1405	4.081979
UAGUGAGUUAGAGAUGCAGAGCC	mir1045	100	-5.9568	3.171866	-9.3334	3.61624
UAGUGCAAUAUUGCUUAUAGGGU	mir1046	100	-4.647	2.49981	-7.5223	3.298505
UAGUUCUUCCCUUUGCCCAAUU	mir1047	100	-3.3218	3.305615	-6.1151	4.56685
UAUAAAAUGAGGGCAGUAAGAC	mir1048	100	-4.9338	3.066423	-7.8507	3.062933
UAUACAAGGGCAAGCUCUCUGU	mir1049	100	-5.1476	2.430492	-8.6754	3.268824
UAUACCUCAGUUUUAUCAGGUG	mir1050	100	-3.7556	1.704478	-6.7636	3.152568
UAUCCAGCUUGUUACUAUAUGC	mir1051	100	-3.6509	2.428635	-6.4213	3.225418
UAUCUGCUGGGCUUUCUGGUGUU	mir1052	100	-6.6192	2.878918	-10.5746	3.872042
UAUGGAAAGACUUUGCCACUCU	mir1053	100	-4.1652	2.429477	-6.929	3.365765
UAUGGAGGUUCUAGACCAUGUU	mir1054	100	-5.456	2.603628	-8.3919	3.573432
UAUGGAGUGGACUUUCAGCUGGC	mir1055	100	-6.4263	2.935617	-10.1356	4.378222
UAUGGCACUGGUAGAAUUCACU	mir1056	100	-4.9633	1.940575	-7.8257	2.895523
UAUGGCUUUUCAUUCCUAUGUGA	mir1057	100	-3.7632	2.306403	-6.5373	3.295464
UAUGGUACUCCUUAAGCUAAC	mir1058	100	-3.5974	1.825626	-6.3637	3.149196
UAUGUCCCAUCCCUCCAUCA	mir1059	100	-2.5738	3.515268	-5.658	5.0036
UAUGUGACCUCGGAUGAAUCA	mir1060	100	-3.7711	1.856363	-6.6104	3.041763
UAUGUGCCUUUGGACUACAUCG	mir1061	100	-4.4359	2.508603	-7.2758	3.377047
UAUUCAGAAAGGUGCCAGUCA	mir1062	100	-4.887	2.398213	-7.9838	3.295883
UAUUGCACAUUACUAAGUUGCA	mir1063	100	-3.338	1.977608	-5.7474	2.843173
UAUUGCACUCGUCCCGGCCUCC	mir1064	100	-4.7836	3.242714	-8.5825	4.821904
UAUUGCACUUGUCCCGGCCUGU	mir1065	100	-4.8802	3.044257	-8.9232	4.584021
UCAAAACUGAGGGGCAUUUUCU	mir1066	100	-6.0234	3.200717	-9.3987	3.614557
UCAAAUGCUCAGACUCCUGUGGU	mir1067	100	-5.5451	2.443279	-9.2703	3.802944
UCAACAAAAUCACUGAUGCUGGA	mir1068	100	-4.3362	2.653649	-7.4565	2.930215
UCAAGGCCAGAGGUCCCACAGCA	mir1069	100	-6.2741	2.816541	-10.5234	4.41511
UCAAGUAGUUUCAUGAUAAAGG	mir1070	100	-3.4381	2.157683	-5.7094	2.974756
UCAAGUCACUAGUGGUUCCGUUUAG	mir1071	100	-5.3343	2.664509	-8.6002	3.665905
UCAAUAAAUGUCUGUUGAAUU	mir1072	100	-2.6739	1.825367	-4.733	2.307673
UCAAUAGGAAAGAGGUGGGACCU	mir1073	100	-6.3577	3.300286	-9.3561	3.853175
UCACAACAACCUUGCAGGGUAGA	mir1074	100	-5.4599	2.363382	-8.9656	3.386854
UCACAAGUCAGGCUCUUGGGAC	mir1075	100	-6.2287	2.642418	-9.8732	3.470434
UCACAGUGAACCGGUCUCUUU	mir1076	100	-4.3321	2.511827	-7.4986	3.584896
UCACAGUGGUCUCUGGGAUUAU	mir1077	100	-6.0931	2.856483	-9.7967	3.737478
UCACCAGCCCUGUGUUCCCUAG	mir1078	100	-4.3895	3.56578	-8.1646	5.455731
UCACCUGACCUCCCAUGCCUGU	mir1079	100	-3.7394	3.834292	-7.5468	5.730389
UCACCUGAGCUCCCGUGCCUG	mir1080	100	-4.8037	3.411293	-8.6054	5.161072
UCACCUGGCUGGCCCGCCCAG	mir1081	100	-6.505	3.816782	-10.8714	5.934417
UCACUCUCACCUUGCUUUGC	mir1082	100	-3.6654	3.1597	-6.543	4.385822
UCAGAACAAAUGCCGGUUCCCAGA	mir1083	100	-4.4681	2.512949	-8.3109	4.060369
UCAGCAAACAUUUAUUGUGUGC	mir1084	100	-3.2826	2.000533	-5.7318	2.77587
UCAGCACCAGGAUAUUGUUGGAG	mir1085	100	-5.8565	2.329816	-9.669	3.325278
UCAGCAGGCAGGCUGGUGCAGC	mir1086	100	-8.3482	3.734416	-12.601	4.874182
UCAGCUACUACCUCUAUUAGG	mir1087	100	-3.2684	2.468673	-6.4102	4.156936
UCAGCUCCUCUCUACCCACAG	mir1088	100	-3.0692	3.182685	-6.7091	4.699802
UCAGCUGGCCCUCAUUUC	mir1089	100	-4.4753	2.555018	-7.7139	3.628641
UCAGGCAAAGGGAUAUUUACAGA	mir1090	100	-5.0437	3.000463	-8.1483	3.43829
UCAGGCCAGGCACAGUGGCUCA	mir1091	100	-7.2192	3.049065	-11.4253	4.685472
UCAGGCUCAGUCCCCUCCCGAU	mir1092	100	-4.9944	3.101439	-8.6127	4.92625
UCAGGGUUGGUAGGGGUUGCU	mir1093	100	-8.3122	4.111073	-12.0778	4.578884
UCAGGUGUGGAAACUGAGGCAG	mir1094	100	-6.7542	3.843225	-10.4008	4.51055
UCAGUAAAUGUUUAUUAGAUGA	mir1095	100	-2.5831	1.819183	-4.611	2.601574
UCAGUCACAUAUCUAGUGUCUA	mir1096	100	-3.3409	2.712312	-6.0917	3.412307
UCAGUGCACUACAGAACUUUGU	mir1097	100	-4.221	2.33136	-7.277	3.329177
UCAGUGCAUCACAGAACUUUGU	mir1098	100	-4.5273	2.377979	-7.7463	3.270277
UCAGUGCAUGACAGAACUUGG	mir1099	100	-4.6173	2.277727	-7.9562	3.304766
UCAGUGUCUGGAUUUCCUAG	mir1100	100	-4.4486	2.39453	-7.7158	3.387803
UCAGUUCCAGGCCAACCAGGCU	mir1101	100	-5.1833	3.14211	-8.8818	4.725453
UCAUAGCCCUGUACAAUGCUGCU	mir1102	100	-4.5452	2.958934	-8.3208	4.314904
UCAUUUAUCUGUUGGGAAGCUA	mir1103	100	-5.2705	2.221965	-8.4871	2.966298
UCAUUUUUGUGAUGUUGCAGCU	mir1104	100	-4.7775	2.240534	-7.7	3.223711
UCCAGCAUCAGUGAUUUUGUUG	mir1105	100	-4.1908	1.754209	-7.1583	2.802053
UCCAGGGAGACAGUGUGUGAG	mir1106	100	-6.448	3.525846	-9.7288	4.210727
UCCAGUACAGGUCUCUCAUUUC	mir1107	100	-4.2471	2.590067	-7.8216	3.905457
UCCAUGUUUCCUUCCCCCUUCU	mir1108	100	-2.748	3.408177	-5.4553	4.896018
UCCCAAGGGUGAGAUGCUGCCA	mir1109	100	-6.83	2.857537	-10.5843	4.315791
UCCCACGUUGUGGCCCAGCAG	mir1110	100	-5.6561	2.866935	-9.6283	4.319277
UCCCAGGGUCUGGUCAGAGUUG	mir1111	100	-6.96	2.907165	-10.3162	3.706515
UCCCCCAGGUGUGAUUCUGAUUU	mir1112	100	-5.4369	2.616796	-8.8936	3.92103
UCCCCUUCUGCAGGCCUGCUGG	mir1113	100	-6.6653	3.511294	-10.8171	4.8348
UCCCUGAGACCCUAACUUGUGA	mir1114	100	-4.1959	2.743718	-7.6641	4.247033
UCCCUGAGACCCUUUAACCUGUGA	mir1115	100	-4.2137	3.249068	-7.6006	4.663245
UCCCUGUCCUCCAGGAGCUCACG	mir1116	100	-6.1479	3.311021	-10.4148	4.87142
UCCCUUCUUCCUGGGCCCUCA	mir1117	100	-5.3116	3.526665	-9.1106	5.02123
UCCCUUGUCUCCUUUCCCUAG	mir1118	100	-3.0102	3.807524	-5.7637	5.075881
UCCGAACUCUCCAUUCCUCUGC	mir1119	100	-2.9747	3.005975	-5.7685	4.532468
UCCGAGCCUGGGUCUCCCUCUU	mir1120	100	-5.8995	2.989067	-9.7629	4.817584
UCCGGUUCUCAGGGCUCCACC	mir1121	100	-6.6748	3.216641	-10.6546	4.851347
UCCGUCUCAGUUACUUUAUAGC	mir1122	100	-3.4547	2.800847	-6.1301	3.791641
UCCUCAUCACACUGCACCUUAG	mir1123	100	-3.5607	3.139314	-6.6344	4.237014
UCCUGCCUUCCUCUGCACCAG	mir1124	100	-3.937	3.459215	-7.6013	5.322591
UCCUGCGCGUCCCAGAUGCCC	mir1125	100	-5.1229	3.003892	-9.1609	4.781848
UCCUGUACUGAGCUGCCCCGAG	mir1126	100	-5.491	3.431296	-9.3741	5.224206
UCCUGUCCCUGUCUCCUACAG	mir1127	100	-3.3516	3.854266	-6.68	5.054117
UCCUGUCUUUCCUUGUUGGAGC	mir1128	100	-5.1179	2.760004	-8.7202	4.353593
UCCUUGACCUGAUGCUGUAGGG	mir1129	100	-6.0248	2.65724	-9.9311	3.903659
UCGACAGCACGACACUGCCUUC	mir1130	100	-4.1745	2.981125	-7.333	4.180832
UCGACCGGACCUCGACCGGCU	mir1131	100	-4.5457	2.86537	-7.9022	4.498482
UCGAGGACUGGUGGAAGGGCCUU	mir1132	100	-7.8696	3.656249	-11.7362	4.519297
UCGAGGAGCUCACAGUCU	mir1133	100	-5.2331	2.437262	-8.2103	3.486283
UCGAGGAGCUCACAGUCUAGU	mir1134	100	-5.7444	2.471727	-8.9715	3.726739
UCGCAGACAGGGACACAUGGAGA	mir1135	100	-5.8878	2.999928	-9.738	3.700708
UCGCGGUUUGUGCCAGAUGACG	mir1136	100	-5.861	2.525458	-9.2686	3.745624
UCGGCUCUCUCCCUCACCCUAG	mir1137	100	-4.0468	3.632128	-7.3672	5.023779
UCGGCUGUGUAUCUCUGUGUC	mir1138	100	-4.9512	2.755555	-8.5368	3.617912
UCGGGGAGUCUGGGGUCCGGAAU	mir1139	100	-8.5112	3.78586	-12.7457	4.630952
UCGGGGAUCAUCAUGUCACGAGA	mir1140	100	-5.0989	2.214281	-8.8331	3.647713
UCGGUUAUCAUGGUACCGAUGC	mir1141	100	-4.4148	1.913942	-7.6182	2.812792
UCGUACCGUGAGUAAUAAUGCG	mir1142	100	-3.8645	2.006134	-6.3842	2.938383
UCGUGGCCUGGUCUCCAUUAU	mir1143	100	-5.8997	2.901064	-9.6667	4.410048
UCGUGUCCCUCUUGUCCACAG	mir1144	100	-3.7209	3.293474	-7.1066	4.922881
UCGUGUCUUGUGUUGCAGCCGG	mir1145	100	-5.6293	2.887216	-9.4272	4.44932
UCUACAGUGCACGUGUCUCCAGU	mir1146	100	-4.7671	2.722369	-8.1732	4.054201
UCUAGAGGAAGCACUUUCUGUUU	mir1147	100	-5.1606	2.274053	-7.9518	2.949937
UCUAGUAAGAGUGGCAGUCGA	mir1148	100	-5.3843	2.818136	-8.5237	3.250782
UCUAUACAGACCCUGGCUUUUC	mir1149	100	-4.6342	2.448459	-7.9811	3.692813
UCUAUUCCCCACUCUCCCCAG	mir1150	100	-2.7608	3.902619	-5.8314	5.472925
UCUCACACAGAAAUCGCACCCGU	mir1151	100	-3.3748	2.606552	-6.2227	3.569152
UCUCAGCUGCUGCCCUCUCCAG	mir1152	100	-5.5258	4.102478	-9.6142	5.851251
UCUCAGGAGUAAAGACAGAGUU	mir1153	100	-4.8937	2.972715	-7.8498	3.324579
UCUCCCAACCCUUGUACCAGUG	mir1154	100	-3.603	3.372884	-7.1444	4.617365
UCUCCCUUCCUGCCCUGGCUAG	mir1155	100	-5.139	3.986068	-8.7041	5.291328
UCUCGCAUCAGGAGGCAAGG	mir1156	100	-6.2882	3.005155	-9.6055	3.63861
UCUCUCGGCUCCUCGCGGCUC	mir1157	100	-5.5403	3.310599	-9.6206	4.891311
UCUCUCUCCCACUUCCCUGCAG	mir1158	100	-3.5092	3.482079	-7.0262	5.17633
UCUCUGAGUACCAUAUGCCUUGU	mir1159	100	-4.1171	2.306778	-7.3605	3.926455
UCUCUGCUCUGCUCUCCCCAG	mir1160	100	-4.3576	3.983783	-7.9107	5.571077
UCUCUGGGCCUGUGUCUUAGGC	mir1161	100	-6.7768	3.123468	-10.7035	4.291304
UCUCUGGUCUUGCCACCCCAG	mir1162	100	-5.02	3.657466	-8.7276	5.240901
UCUCUGGUCUUUCCUUGACAG	mir1163	100	-4.3071	2.976446	-7.3847	4.149472
UCUCUUCAUCUACCCCCCAG	mir1164	100	-2.3832	3.28408	-5.2195	4.635572
UCUGAAUUGUAAGAGUUGUUA	mir1165	100	-3.7455	2.242416	-5.9755	2.731936
UCUGACAUCAGUGAUUCUCCUG	mir1166	100	-3.8817	2.51993	-7.099	3.708116
UCUGAGGCCUGCCUCUCCCCA	mir1167	100	-5.6907	3.765032	-9.5083	5.880736
UCUGAGGUGGAACAGCAGC	mir1168	100	-5.6378	2.72596	-8.724	3.304734
UCUGAGUUCCUGGAGCCUGGUCU	mir1169	100	-6.899	2.94679	-11.0476	4.355951
UCUGCAAGUGUCAGAGGCGAGG	mir1170	100	-6.3822	3.171522	-10.1919	4.007244
UCUGCACUGUGAGUUGGCUGGCU	mir1171	100	-7.5157	3.209148	-12.0518	4.578813
UCUGCAGGUCCUGGUGAACGCCAU	mir1172	100	-7.2978	3.150337	-11.637	4.870753
UCUGCUCAUACCCCAUGGUUUCU	mir1173	100	-4.3959	2.651054	-8.0091	4.218288
UCUGGCAAGUAAAAAACUCUCAU	mir1174	100	-3.6059	1.943415	-6.0445	3.039184
UCUGGCUAUCUCACGAGACUGU	mir1175	100	-4.6766	2.252998	-7.9677	3.354572
UCUGGCUCCGUGUCUUCACUCCC	mir1176	100	-5.0694	3.358418	-8.9255	4.75624
UCUGGCUGCUAUGGCCCCCUC	mir1177	100	-6.1767	3.315529	-10.2851	5.279211
UCUGGCUGUUGUGGUGUGCAA	mir1178	100	-6.852	2.940223	-10.1189	3.548267
UCUGGGAGGUUGUAGCAGUGGAA	mir1179	100	-8.335	4.079755	-12.1589	4.560376
UCUGGGCAACAAAGUGAGACCU	mir1180	100	-5.1825	2.47517	-8.5701	3.15624
UCUGGGCACAGGCGGAUGGACAGG	mir1181	100	-7.7841	3.852143	-11.9381	4.55385
UCUGGGGAUGAGGACAGUGUGU	mir1182	100	-7.1371	3.451433	-10.8001	4.089141
UCUGGGGUCUUGGGCCAUC	mir1183	100	-7.0568	3.052667	-10.988	4.04897
UCUGGUAAGAGAUUUGGGCAUA	mir1184	100	-5.8815	3.130481	-8.9023	3.618154
UCUGGUCCUGGACAGGAGGC	mir1185	100	-6.9898	3.398316	-10.5376	4.101052
UCUGUAGCCUGGGAGCAAUGGGGU	mir1186	100	-8.1891	3.440654	-12.5333	3.964902
UCUGUAUUCUCCUUUGCCUGCAG	mir1187	100	-4.3489	3.119611	-7.7479	4.722096
UCUGUGAGACCAAAGAACUACU	mir1188	100	-3.6069	2.069526	-6.3083	2.870235
UCUGUGCCCCUACUUCCCAG	mir1189	100	-3.5274	3.21021	-6.8386	4.921912
UCUGUGCUUCACCCCUACCCAG	mir1190	100	-4.1081	3.746668	-7.6409	5.146409
UCUGUGGAGUGGGGUGCCUGU	mir1191	100	-8.2997	3.917468	-12.1176	4.576046
UCUUACUCCCUCAGGCACUG	mir1192	100	-4.4262	2.752489	-7.5384	4.045092
UCUUCAACCUCAGGACUUGCA	mir1193	100	-4.4302	2.323976	-7.5367	3.228971
UCUUCACCUGCCUCUGCCUGCA	mir1194	100	-4.5662	3.826926	-8.4736	6.010287
UCUUCUCUGUUUUGGCCAUGUG	mir1195	100	-4.7451	2.760712	-7.7213	3.551776
UCUUCUUCCUUUGCAGAGUUGA	mir1196	100	-4.5907	2.288045	-7.3283	3.554518
UCUUGUGUUCUCUAGAUCAGU	mir1197	100	-3.8003	2.235469	-6.4994	3.681165
UCUUUGGUUAUCUAGCUGUAUGA	mir1198	100	-4.6197	2.087318	-7.4472	2.779092
UCUUUUCUUUGAGACUCACU	mir1199	100	-3.2483	2.341657	-5.7524	2.911776
UGAAACAUACACGGGAAACCUC	mir1200	100	-3.6471	2.073149	-5.92	2.483909
UGAAACUGGAGCGCCUGGAGGA	mir1201	100	-6.6881	3.155895	-10.4154	4.133332
UGAAGCCAGCUCUGGUCUGGGC	mir1202	100	-7.1409	2.929352	-11.909	4.518422
UGAAGCGCCUGUGCUCUGCCGAGA	mir1203	100	-6.3341	3.138914	-10.6947	4.965874
UGAAGCUCUGACAUUCCUGCAG	mir1204	100	-4.424	2.73669	-7.9019	4.071372
UGAAGGUCUACUGUGUGCCAGG	mir1205	100	-5.6281	2.710894	-9.461	3.952857
UGAAGUACCAGCUACUCGAGAG	mir1206	100	-4.256	2.324249	-7.6119	3.461744
UGACACGGAGGGUGGCUUGGGAA	mir1207	100	-8.3352	4.205124	-12.1174	4.517379
UGACAGCGCCCUGCCUGGCUC	mir1208	100	-5.8054	3.494949	-9.9494	5.123876
UGACCGAUUUCUCCUGGUGUUC	mir1209	100	-4.6204	2.658725	-8.1345	4.183696
UGACCUGGGACUCGGACAGCUG	mir1210	100	-6.0268	2.867058	-9.9545	3.719169
UGACCUUUGCCUCUCCCCUCAG	mir1211	100	-3.6408	3.666163	-7.0175	5.413972
UGACGCCCCUUCUGAUUCUGCCU	mir1212	100	-4.1505	3.544037	-7.8123	5.32904
UGACUAACUCCCACUCUACAG	mir1213	100	-2.5439	2.935445	-5.4132	4.248436
UGACUGAGCUUCUCCCCACAG	mir1214	100	-4.4802	2.923002	-7.9405	4.503538
UGACUUCUACCUCUUCCAAAG	mir1215	100	-2.3582	2.827774	-5.1352	4.201045
UGAGAACUGAAUUCCAUAGGCUG	mir1216	100	-4.3693	2.321193	-7.613	3.440477
UGAGAAGGCACAGCUUGCACGUGA	mir1217	100	-6.4022	3.115652	-10.0629	4.263895
UGAGACCAGGACUGGAUGCACC	mir1218	100	-6.0949	2.745417	-10.0313	3.642783
UGAGACCUCUGGGUUCUGAGCU	mir1219	100	-6.8125	2.756271	-10.7903	4.220587
UGAGAUGAAGCACUGUAGCUC	mir1220	100	-5.0567	2.36954	-7.9156	2.961701
UGAGCACCACACAGGCCGGGCGC	mir1221	100	-6.271	3.085826	-10.5101	4.535562
UGAGCCCCUGUGCCGCCCCCAG	mir1222	100	-5.2279	4.630068	-9.3653	6.425423
UGAGCCCUGUCCUCCCGCAG	mir1223	100	-4.756	3.616145	-8.5815	5.289323
UGAGCCUCUCCUUCCCUCCAG	mir1224	100	-3.4711	3.594021	-6.7512	5.531749
UGAGCGCCUCGACGACAGAGCCG	mir1225	100	-4.9723	2.846937	-9.1365	4.642897
UGAGCUAAAUGUGUGCUGGGA	mir1226	100	-5.9169	3.043054	-9.192	3.644692
UGAGGAGAUGCUGGGACUGA	mir1227	100	-6.8689	3.626805	-10.1456	4.300281
UGAGGAUAUGGCAGGGAAGGGGA	mir1228	100	-7.542	4.877112	-10.7117	5.317049
UGAGGAUGGAUAGCAAGGAAGCC	mir1229	100	-5.3796	3.211535	-8.7106	3.599139
UGAGGCCCUUGGGGCACAGUGG	mir1230	100	-8.0295	3.152543	-12.3697	4.345626
UGAGGCUAAUGCACUACUUCAC	mir1231	100	-4.5369	2.246261	-7.1924	3.172618
UGAGGCUCUGUUAGCCUUGGCUC	mir1232	100	-6.9988	2.821004	-11.4203	4.545377
UGAGGGACAGAUGCCAGAAGCA	mir1233	100	-6.2258	3.43758	-9.9367	4.27924
UGAGGGACCCAGGACAGGAGA	mir1234	100	-6.3594	3.258547	-9.8087	3.882197
UGAGGGAGUUGGGUGUAUA	mir1235	100	-6.3969	3.609827	-9.3457	3.644198
UGAGGGCUCCAGGUGACGGUGG	mir1236	100	-7.8663	3.374093	-12.0201	4.392881
UGAGGGGCAGAGAGCGAGACUUU	mir1237	100	-7.2589	3.880643	-10.7208	4.459327
UGAGGGGCCUCAGACCGAGCUUUU	mir1238	100	-6.9858	3.191872	-10.99	4.17936
UGAGGGUGUCAGCAGGUGACG	mir1239	100	-6.9287	3.490726	-10.5702	3.88716
UGAGGUAGGAGGUUGUAUAGUU	mir1240	100	-6.9125	4.037792	-9.8603	4.347713
UGAGGUAGUAAGUUGUAUUGUU	mir1241	100	-4.8988	2.780847	-7.4164	3.105093
UGAGGUAGUAGAUUGUAUAGUU	mir1242	100	-5.1261	3.154659	-7.632	3.605829
UGAGGUAGUAGGUUGUAUAGUU	mir1243	100	-5.7996	3.432236	-8.7274	3.88712
UGAGGUAGUAGGUUGUAUGGUU	mir1244	100	-6.1829	3.682808	-9.332	3.781389
UGAGGUAGUAGGUUGUGUGGUU	mir1245	100	-6.874	3.740372	-10.1648	4.013576
UGAGGUAGUAGUUUCUU	mir1246	100	-4.2572	2.501897	-6.4228	3.08111
UGAGGUAGUAGUUUGUACAGUU	mir1247	100	-5.367	2.720283	-8.5844	3.146279
UGAGGUAGUAGUUUGUGCUGUU	mir1248	100	-5.993	2.764477	-9.5024	3.319392
UGAGGUGACCGCAGAUGGGAA	mir1249	100	-6.354	3.230626	-9.9154	4.161819
UGAGGUGGUAGGAUGUAGA	mir1250	100	-6.4792	3.868282	-9.1258	4.209499
UGAGUGACAGGGGAAAUGGGGA	mir1251	100	-6.5509	4.412696	-9.9637	4.654147
UGAGUGCCGGUGCCUGCCCUG	mir1252	100	-6.5891	3.69999	-11.1516	5.566253
UGAGUGGGGCUCCCGGGACGGCG	mir1253	100	-8.6149	3.59053	-13.1616	5.018821
UGAGUGUGUGUGUGUGAGUGUGU	mir1254	100	-5.1226	3.964251	-7.8431	4.504308
UGAGUGUUGUCUACGAGGGCA	mir1255	100	-6.0635	2.907999	-9.5037	3.290698
UGAUAUGUUUGAUAUAUUAGGU	mir1256	100	-2.7876	1.954396	-4.9292	2.67892
UGAUAUGUUUGAUAUUGGGUUG	mir1257	100	-4.0725	2.356908	-6.8692	2.680054
UGAUCAGGCAAAAUUGCAGACU	mir1258	100	-4.4819	2.508159	-7.2976	3.358007
UGAUCUCACCGCUGCCUCCUUC	mir1259	100	-4.3956	3.741884	-8.0491	5.470539
UGAUGAUACAGGUGGAGGUAG	mir1260	100	-6.2872	3.461312	-9.3647	3.522318
UGAUGGAUAAAAGACUACAUAUU	mir1261	100	-2.7526	1.852597	-4.8784	2.445588
UGAUUGGUACGUCUGUGGGUAG	mir1262	100	-5.9509	2.565463	-9.642	3.574102
UGAUUGUAGCCUUUUGGAGUAGA	mir1263	100	-5.2367	2.122866	-8.595	2.98182
UGAUUGUCCAAACGCAAUUCU	mir1264	100	-2.804	2.198012	-5.0408	2.859299
UGAUUGUCUUCAUAUCUAGAAC	mir1265	100	-2.7092	2.005066	-4.9593	2.784555
UGAUUGUCUUCCCCCACCCUCA	mir1266	100	-3.2777	3.426626	-6.1854	4.835978
UGCAAAAGUAAUCACAGUUUUU	mir1267	100	-2.8208	1.977775	-5.0797	2.713765
UGCAAAAGUAAUUGCAGUUUUUG	mir1268	100	-3.6816	2.280118	-6.1052	2.968259
UGCAACGAACCUGAGCCACUGA	mir1269	100	-4.3545	2.648104	-7.9887	3.819786
UGCAACUUACCUGAGUCAUUGA	mir1270	100	-3.6389	2.134419	-6.6643	2.833036
UGCACCAUGGUUGUCUGAGCAUG	mir1271	100	-6.4118	2.471118	-10.3319	3.823111
UGCACGGCACUGGGGACACGU	mir1272	100	-6.5376	3.125385	-10.0546	4.193354
UGCAGCUCUGGUGGAAAAUGGAG	mir1273	100	-6.6895	2.668012	-10.3958	3.645607
UGCAGGACCAAGAUGAGCCCU	mir1274	100	-5.3724	2.988049	-9.0596	3.993194
UGCAUCACAGCCUUUGGCCCUAG	mir1275	100	-5.2549	2.803848	-9.2798	4.264638
UGCAUGACCCUUCCCUCCCCAC	mir1276	100	-3.7662	3.718164	-6.9276	5.195135
UGCCCCAACAAGGAAGGACAAG	mir1277	100	-4.5133	2.533284	-7.4663	3.481127
UGCCCCAUCUGUGCCCUGGGUAGGA	mir1278	100	-7.3225	3.260914	-12.0354	5.304544
UGCCCUAAAUGCCCCUUCUGGC	mir1279	100	-3.9592	3.033212	-7.7463	5.048581
UGCCCUCCUUUCUUCCCUC	mir1280	100	-2.3694	3.381048	-5.2961	5.098629
UGCCCUGAGACUUUUGCUC	mir1281	100	-4.6294	2.927675	-7.6352	4.132687
UGCCCUGCAUGGUGUCCCCACAG	mir1282	100	-5.8621	3.055842	-9.6867	4.660833
UGCCCUGCCUGUUUUCUCCUUU	mir1283	100	-3.8676	3.595686	-7.2601	5.014135
UGCCCUUCUCUCCUCCUGCCU	mir1284	100	-3.6136	4.134899	-7.3095	6.174711
UGCCUACUGAGCUGAAACACAG	mir1285	100	-4.4218	2.35705	-7.7894	3.646103
UGCCUACUGAGCUGAUAUCAGU	mir1286	100	-4.6448	2.353868	-8.4744	3.786102
UGCCUAGGCUGAGACUGCAGUG	mir1287	100	-6.7267	2.704897	-10.4837	3.71625
UGCCUCCCUGACAUUCCACAG	mir1288	100	-3.5981	3.326138	-6.795	5.101418
UGCCUCCUCCGUGGCCUCAG	mir1289	100	-4.9493	3.153986	-8.7557	4.569974
UGCCUCUUUUCCACGGCCUCAG	mir1290	100	-4.5209	3.635125	-7.7974	4.796796
UGCCUGGAACAUAGUAGGGACU	mir1291	100	-5.7962	2.770588	-9.3737	3.570022
UGCGGCAGAGCUGGGGUCA	mir1292	100	-7.4694	3.428076	-11.471	4.229224
UGCGGGGACAGGCCAGGGCAUC	mir1293	100	-8.1297	4.005138	-12.4198	5.469945
UGCGGGGCUAGGGCUAACAGCA	mir1294	100	-7.4478	3.561175	-11.5764	4.772519
UGCUAUGCCAACAUAUUGCCAU	mir1295	100	-3.2799	2.338134	-6.4802	3.808417
UGCUCAGGUUGCACAGCUGGGA	mir1296	100	-7.4181	3.049841	-11.7922	4.152001
UGCUGAGGUCCGGGCUGUGCC	mir1297	100	-8.0997	3.433789	-11.7314	4.127172
UGCUGCCUCUCCUCUUGCCUGCAG	mir1298	100	-5.1479	3.900168	-9.9619	6.491179
UGCUGGAUCAGUGGUUCGAGUC	mir1299	100	-6.3348	2.621401	-10.0658	3.615833
UGCUGGGGGCCACAUGAGUGUG	mir1300	100	-8.204	3.672373	-12.5923	4.783799
UGCUUAACCUUGCCCUCGAAA	mir1301	100	-3.672	3.091617	-6.7745	4.60183
UGCUUAAGUUGUACCAAGUAU	mir1302	100	-3.4531	2.154036	-6.1551	3.069991
UGGAAAAAACUGGUGUGUGCUU	mir1303	100	-5.4208	2.651329	-8.2624	3.38261
UGGAAACAUUUCUGCACAAACU	mir1304	100	-3.2682	1.874926	-5.8797	2.595621
UGGAAGACUAGUGAUUUUGUUGUU	mir1305	100	-4.6014	2.559859	-7.1856	2.854778
UGGAAGGAGGUUGCCGGACGCU	mir1306	100	-7.5046	3.111054	-11.4145	4.065975
UGGAAGGGAGAAGAGCUUUAAU	mir1307	100	-5.4042	3.327378	-7.9435	3.726844
UGGAAUGUAAAGAAGUAUGUAU	mir1308	100	-3.132	2.304494	-5.2609	2.584443
UGGACCUCUCCUCCCCAG	mir1309	100	-3.5239	3.4415	-6.4528	4.88886
UGGACUGCCCUGAUCUGGAGA	mir1310	100	-5.6549	3.028451	-8.8019	4.26661
UGGAGACGCGGCCCUGUUGGAGU	mir1311	100	-7.0324	3.10239	-10.7573	4.222109
UGGAGAGAAAGGCAGUA	mir1312	100	-4.4948	3.496157	-7.1601	3.594061
UGGAGAGAAAGGCAGUUCCUGA	mir1313	100	-6.0658	3.131324	-9.6277	3.801527
UGGAGAGAGAAAAGAGACAGAAG	mir1314	100	-4.2436	3.959567	-6.5537	4.112294
UGGAGAUCCAGUGCUCGCCCGAU	mir1315	100	-6.5544	3.292004	-10.4304	4.500561
UGGAGGAGAAGGAAGGUGAUG	mir1316	100	-5.7712	4.579286	-8.5375	4.58558
UGGAGUCCAGGAAUCUGCAUUUU	mir1317	100	-5.5523	2.609586	-9.2823	3.471085
UGGAGUGUGACAAUGGUGUUUG	mir1318	100	-5.4266	3.227007	-8.4214	3.796965
UGGAUGUGGAAGGAGUUAUCU	mir1319	100	-5.291	2.858826	-7.9305	3.412113
UGGAUUUCUUUGUGAAUCACCA	mir1320	100	-3.5533	2.215969	-6.2147	2.900564
UGGAUUUUUGGAUCAGGGA	mir1321	100	-4.6456	2.727078	-7.17	2.91151
UGGCAAACGUGGAAGCCGAGA	mir1322	100	-5.3814	2.789312	-8.5386	3.444071
UGGCAAGGAAAGAAGAGGAUCA	mir1323	100	-5.0213	3.451408	-7.8609	3.951635
UGGCAGUGUAUUGUUAGCUGGU	mir1324	100	-5.6696	2.715909	-9.1506	3.762619
UGGCAGUGUCUUAGCUGGUUGU	mir1325	100	-6.5217	2.805	-10.5305	4.036962
UGGCAGUUACUUUUGCACCAG	mir1326	100	-4.7671	2.265185	-8.2822	3.80731
UGGCCAAAAAGCAGGCAGAGA	mir1327	100	-5.3968	2.955006	-8.3679	3.759359
UGGCCCAACCUAUUCAGUUAGU	mir1328	100	-3.801	2.324977	-6.9405	3.753171
UGGCCCGGCGACGUCUCACGGUC	mir1329	100	-5.9398	2.863455	-10.2089	5.139899
UGGCCCUUUGUACCCCUCCAG	mir1330	100	-4.2784	3.179125	-7.8123	4.398973
UGGCCGGAUGGGACAGGAGGCAU	mir1331	100	-7.8385	4.122493	-11.7481	4.660684
UGGCGGCGGUAGUUAUGGGCUU	mir1332	100	-6.9063	3.272013	-11.0012	4.42531
UGGCUCAGUUCAGCAGGAACAG	mir1333	100	-5.9334	2.968266	-9.4661	3.735605
UGGCUCCCUUCUCUCCGUCUG	mir1334	100	-4.2073	3.598982	-7.3718	5.391028
UGGCUGCUUCCCUUGGUCUCCAG	mir1335	100	-6.3192	3.47775	-10.633	5.078815
UGGGAAAGACAAACUCAGAGUU	mir1336	100	-4.3047	2.684573	-6.7886	3.326055
UGGGAACGGGUUCCGGCAGACGCUG	mir1337	100	-7.4809	3.043501	-11.7596	3.978507
UGGGAACUUAGUAGAGGUUUAA	mir1338	100	-5.1167	2.976399	-8.4772	3.536672
UGGGAGAGAGGACUGUGAGGC	mir1339	100	-6.9931	4.086982	-10.6673	4.428362
UGGGAGAGCAGGGUAUUGUGGA	mir1340	100	-7.5571	4.217768	-10.9983	4.489344
UGGGAGCCAUGAGGGUCUGUGC	mir1341	100	-8.0988	3.50826	-12.5491	4.505124
UGGGAGCUAAGCUAUGGGUAU	mir1342	100	-6.407	3.067229	-10.1992	3.568986
UGGGAUCCAGACAGUGGGAGAA	mir1343	100	-6.0304	2.875008	-9.7125	3.681298
UGGGAUGAGGGAUUGAAGUGGA	mir1344	100	-5.8824	3.757704	-9.139	3.932993
UGGGCAGGGGCUUAUUGUAGGAG	mir1345	100	-8.0919	3.676607	-11.6808	4.03542
UGGGCCAGGGAGCAGCUGGUGGG	mir1346	100	-9.4603	3.910025	-14.0748	5.057693
UGGGCGAGGGGUGGGCUCUCAGAG	mir1347	100	-9.0729	4.225473	-13.4952	5.053575
UGGGCGCGCCGGGACUGUGAGAC	mir1348	100	-7.626	3.539957	-11.9018	4.548948
UGGGCGUAUCUGUAUGCUA	mir1349	100	-4.9738	2.756324	-8.0371	3.58742
UGGGCUGAGGGCAGGAGGCCUGU	mir1350	100	-9.6121	4.701687	-13.9563	5.448475
UGGGCUGCUGAGAAGGGGCA	mir1351	100	-7.5112	3.539237	-11.105	4.012769
UGGGCUGGCAGGGCAAGUGCUG	mir1352	100	-8.5374	3.865999	-12.1995	4.523071
UGGGGACGUAGCUGGCCAGACAG	mir1353	100	-7.404	3.415098	-11.5847	4.340194
UGGGGAGCGGCCCCCGGGUGGG	mir1354	100	-8.7314	3.546522	-13.2243	5.009637
UGGGGAGCUGAGGCUCUGGGGGUG	mir1355	100	-10.5485	4.764173	-15.2251	5.556116
UGGGGAGGUGUGGAGUCAGCAU	mir1356	100	-8.0754	4.137161	-11.7477	4.64311
UGGGGAUUUGGAGAAGUGGUGA	mir1357	100	-6.4671	4.17584	-9.4794	4.552318
UGGGGCGGAGCUUCCGGAG	mir1358	100	-7.2588	3.039012	-11.2434	4.378239
UGGGGCGGAGCUUCCGGAGGCC	mir1359	100	-8.6507	3.80643	-12.9848	5.259099
UGGGGGAGCCAUGAGAUAAGAGCA	mir1360	100	-7.3048	3.400813	-10.9946	4.016074
UGGGGGAGGAAGGACAGGCCAU	mir1361	100	-7.3714	4.339569	-10.8911	5.241106
UGGGGGCUGGAUGGGGUAGAGU	mir1362	100	-8.4659	4.34702	-12.0738	4.970982
UGGGGGGACAGAUGGAGAGGACA	mir1363	100	-7.3081	4.711225	-10.8301	5.113215
UGGGGGUGGUCUCUAGCCAAGG	mir1364	100	-7.2558	3.253768	-11.2961	4.458598
UGGGGUGCCCACUCCGCAAGUU	mir1365	100	-6.6103	3.33505	-10.7188	5.088376
UGGGUAGAGAAGGAGCUCAGAGGA	mir1366	100	-7.391	3.901849	-11.2023	4.36047
UGGGUCUUUGCGGGCGAGAUGA	mir1367	100	-6.9346	3.265223	-10.6351	3.973466
UGGGUGGAAGAAGGUCUGGUU	mir1368	100	-6.4226	3.923717	-9.2577	4.201606
UGGGUGGUCUGGAGAUUUGUGC	mir1369	100	-7.4921	3.80583	-10.7975	3.931847
UGGGUUCCUGGCAUGCUGAUUU	mir1370	100	-6.4919	2.53213	-10.414	3.67865
UGGGUUUACGUUGGGAGAACU	mir1371	100	-5.635	3.149854	-8.7661	3.645756
UGGUCAGAUUUGAACUCUUCAA	mir1372	100	-4.4398	2.328117	-7.1047	3.314448
UGGUCUAGGAUUGUUGGAGGAG	mir1373	100	-6.6129	3.594609	-10.2224	4.035571
UGGUCUGUCUCUGCCCUGGCAC	mir1374	100	-6.1077	3.864511	-10.2521	5.573725
UGGUGCGGAGAGGGCCCACAGUG	mir1375	100	-8.1435	3.610654	-12.2531	4.779922
UGGUGGAGGAAGAGGGCAGCUC	mir1376	100	-8.3207	4.524433	-12.0528	4.921954
UGGUGGUUUACAAAGUAAUUCA	mir1377	100	-4.3427	2.519636	-6.6064	3.035269
UGGUUCUAGACUUGCCAACUA	mir1378	100	-4.3354	2.596942	-7.5673	3.618641
UGGUUCUCUUGUGGCUCAAGCGU	mir1379	100	-6.0579	2.863386	-9.4847	4.014299
UGUAAACAUCCCCGACUGGAAG	mir1380	100	-3.6258	1.989675	-6.5623	3.447976
UGUAAACAUCCUACACUCAGCU	mir1381	100	-3.4307	2.978961	-6.568	4.101571
UGUAAACAUCCUACACUCUCAGC	mir1382	100	-3.2017	2.762093	-6.2471	4.110354
UGUAAACAUCCUCGACUGGAAG	mir1383	100	-3.9075	2.044616	-6.9029	3.222368
UGUAAACAUCCUUGACUGGAAG	mir1384	100	-4.0565	2.201362	-6.9851	2.895136
UGUAACAGCAACUCCAUGUGGA	mir1385	100	-4.4276	2.319174	-7.7079	3.308629
UGUAGAGCAGGGAGCAGGAAGCU	mir1386	100	-7.3671	4.285739	-11.4504	4.707182
UGUAGGCAUGAGGCAGGGCCCAGG	mir1387	100	-8.4862	3.927098	-13.3643	5.075987
UGUAGUGUUUCCUACUUUAUGGA	mir1388	100	-3.5839	2.206701	-6.5206	2.709323
UGUAGUUGUAUUGUAUUGCCAC	mir1389	100	-3.6947	2.289976	-6.4575	3.047255
UGUCACCCGCUCCUUGCCCAG	mir1390	100	-4.1064	3.861267	-8.1325	5.994955
UGUCAGUGACUCCUGCCCCUUGGU	mir1391	100	-5.7375	3.610899	-9.6713	5.523033
UGUCAGUUUGUCAAAUACCCCA	mir1392	100	-3.1625	2.233139	-5.9218	3.421699
UGUCCUCUAGGGCCUGCAGUCU	mir1393	100	-6.72	3.058001	-10.8981	4.533531
UGUCCUCUGUUCCUCAG	mir1394	100	-3.0199	3.21347	-5.8638	4.165102
UGUCGUGGGGCUUGCUGGCUUG	mir1395	100	-7.9881	2.776796	-12.0705	4.103272
UGUCUACAUUAAUGAAAAGAGC	mir1396	100	-2.4006	1.640654	-4.5403	2.33043
UGUCUCUCGCCCUUGGCCUUAG	mir1397	100	-5.072	3.656529	-8.8025	5.452992
UGUCUCUGCUGGGGUUUCU	mir1398	100	-6.2143	3.271707	-9.504	4.058691
UGUCUGCCCGCAUGCCUGCCUCU	mir1399	100	-5.0497	3.811281	-9.3104	5.921222
UGUCUUACUCCCUCAGGCACAU	mir1400	100	-4.685	2.968826	-8.1149	3.861971
UGUCUUCUCUCCUCCCAAACAG	mir1401	100	-2.7099	3.085709	-5.6852	4.240927
UGUCUUGCAGGCCGUCAUGCA	mir1402	100	-5.4951	2.730638	-9.1576	4.260727
UGUCUUUCUUCUCUCCCUUGCAG	mir1403	100	-3.753	3.168887	-6.7442	4.41213
UGUGACAAUAGAGAUGAACAUG	mir1404	100	-3.0739	2.320093	-5.2297	2.732973
UGUGACAGAUUGAUAACUGAAA	mir1405	100	-3.2938	2.620556	-5.7544	3.261876
UGUGACCCUAGAAUAAUUAC	mir1406	100	-2.4324	1.946888	-4.9387	2.878015
UGUGACUGGUUGACCAGAGGGG	mir1407	100	-6.5075	3.350787	-10.5564	4.220258
UGUGACUUCUCCCCUGCCACAG	mir1408	100	-3.941	3.159524	-7.4917	5.116223
UGUGACUUUAAGGGAAAUGGCG	mir1409	100	-4.9451	3.028026	-7.5857	3.353758
UGUGAGGUUGGCAUUGUUGUCU	mir1410	100	-6.4062	2.826455	-9.5051	3.641963
UGUGCAAAUCCAUGCAAAACUGA	mir1411	100	-3.7303	2.064088	-6.4377	2.734096
UGUGCAAAUCUAUGCAAAACUGA	mir1412	100	-3.292	2.065982	-5.7871	2.741173
UGUGCAGCAGGCCAACCGAGA	mir1413	100	-5.6595	3.072907	-9.2691	4.185989
UGUGCGCAGGGAGACCUCUCCC	mir1414	100	-6.7511	2.999056	-10.6551	4.130654
UGUGCUUGCUCGUCCCGCCCGCA	mir1415	100	-5.3041	3.712995	-9.2514	5.309907
UGUGGACAGUGAGGUAGAGGGAGU	mir1416	100	-7.5066	4.75896	-11.5715	4.532629
UGUGGGACUGCAAAUGGGAG	mir1417	100	-5.7796	2.976988	-8.691	3.564613
UGUGGGAUCUGGAGGCAUCUGG	mir1418	100	-7.2002	3.195793	-11.0508	4.229117
UGUGUACACACGUGCCAGGCGCU	mir1419	100	-5.6715	2.582731	-9.4955	4.303299
UGUGUCACUCGAUGACCACUGU	mir1420	100	-4.0135	2.899324	-7.0297	3.744423
UGUGUCCCAUUAUUGGUGAUU	mir1421	100	-3.9968	2.479672	-6.9921	3.214287
UGUGUGGAUCCUGGAGGAGGCA	mir1422	100	-7.8374	3.403391	-11.4379	3.965601
UGUGUGUGUAGAGGAAGAAGGGA	mir1423	100	-6.0656	4.185865	-8.9977	4.453741
UGUUCAUUGGAACCCUGCGCAG	mir1424	100	-4.9994	2.621784	-8.4372	3.824551
UGUUCCUCUGUCUCCCAGAC	mir1425	100	-3.7413	3.195071	-6.7289	4.453302
UGUUCUCUUUGCCAAGGACAG	mir1426	100	-4.4281	2.249607	-7.4826	3.307518
UGUUGCAAGUCGGUGGAGACGU	mir1427	100	-6.4653	3.143949	-9.7705	3.886109
UUAACUCCUUUCACACCCAUGG	mir1428	100	-2.8191	2.491018	-5.5944	3.649085
UUAAGACUUGCAGUGAUGUUU	mir1429	100	-4.3895	2.305793	-7.1123	3.134341
UUACACACAACUGAGGAUCAUA	mir1430	100	-3.9526	2.516307	-6.7202	3.015287
UUACACAGCUGGACAGAGGCA	mir1431	100	-6.0942	3.088317	-9.4173	3.827623
UUACAGUUGUUCAACCAGUUACU	mir1432	100	-3.4881	2.18538	-6.4461	3.176631
UUAGCGGUGGACCGCCCUGCG	mir1433	100	-6.0955	2.84645	-9.5875	4.874999
UUAGCUUAAGGAGUACCAGAUC	mir1434	100	-4.9333	2.558826	-8.2771	3.40361
UUAGGCCGCAGAUCUGGGUGA	mir1435	100	-6.7003	2.81337	-10.4125	3.633984
UUAGGCUUCCCCCUCCUCCUGC	mir1436	100	-4.3414	3.590301	-7.2042	5.382317
UUAGGGAGUAGAAGGGUGGGGAG	mir1437	100	-7.4811	4.775462	-11.091	5.042606
UUAGGGCCCUGGCUCCAUCUCC	mir1438	100	-6.7502	3.589936	-11.2253	5.247578
UUAGUCUCAUGAUCAGACACA	mir1439	100	-3.6009	2.171734	-6.0226	2.798253
UUAUAAAGCAAUGAGACUGAUU	mir1440	100	-3.1438	2.211494	-5.3954	2.645948
UUAUAAUACAACCUGAUAAGUG	mir1441	100	-2.0715	1.884065	-4.2211	2.547279
UUAUCAGAAUCUCCAGGGGUAC	mir1442	100	-5.38	2.735286	-8.6392	3.890534
UUAUCCUCCAGUAGACUAGGGA	mir1443	100	-5.0934	2.437737	-8.4021	3.57426
UUAUGGUUUGCCUGGGACUGAG	mir1444	100	-6.2662	2.682596	-9.9154	3.533679
UUAUUGCUUAAGAAUACGCGUAG	mir1445	100	-3.252	1.888577	-5.5364	2.506671
UUCAACGGGUAUUUAUUGAGCA	mir1446	100	-4.4689	2.316977	-7.2911	3.02069
UUCAAGUAAUCCAGGAUAGGCU	mir1447	100	-4.7927	2.499635	-8.0472	3.764301
UUCAAGUAAUUCAGGAUAGGU	mir1448	100	-3.751	2.462877	-6.3179	3.167158
UUCAAGUAAUUCAGGUG	mir1449	100	-2.7905	2.037428	-4.7408	2.584986
UUCACAAGGAGGUGUCAUUUAU	mir1450	100	-4.9675	2.690864	-7.9011	2.942485
UUCACAGUGGCUAAGCUAU	mir1451	100	-4.6334	2.378825	-7.5314	3.383644
UUCACAGUGGCUAAGUUCCGC	mir1452	100	-5.105	2.413731	-8.0283	3.290925
UUCACAGUGGCUAAGUUCUGC	mir1453	100	-5.1796	2.314288	-8.3181	3.262349
UUCACCACCUUCUCCACCCAGC	mir1454	100	-3.371	3.89304	-6.7012	5.497889
UUCACCCCUCUCACCUAAGCAG	mir1455	100	-3.245	3.052593	-6.5879	4.872942
UUCACUGGAGUUUGUUUCAAUA	mir1456	100	-4.6524	2.095379	-7.5132	2.859758
UUCAGAUCCCAGCGGUGCCUCU	mir1457	100	-5.828	2.961799	-9.4499	4.522955
UUCAGCAGGAACAGCU	mir1458	100	-4.1676	2.937901	-6.5281	3.371876
UUCAGCCAGGCUAGUGCAGUCU	mir1459	100	-6.6948	2.851357	-10.712	4.230825
UUCAGGGAUGGCGCAUGAAGAGGAGA	mir1460	100	-7.1494	3.490038	-10.7167	4.262755
UUCAUUUGGUAUAAACCGCGAUU	mir1461	100	-3.6973	2.228181	-6.1894	3.371799
UUCCACUGCCACUACCUAAUUU	mir1462	100	-2.8469	3.042386	-5.8798	4.43427
UUCCAGCCCUGGUAGGCGCCGCG	mir1463	100	-7.6438	3.60834	-12.4276	5.739746
UUCCAGCCCUUCUAAUGGUAGG	mir1464	100	-4.9634	2.698278	-8.158	4.275687
UUCCAUGCCUCCUAGAAGUUCC	mir1465	100	-3.8993	2.944119	-7.4524	4.461004
UUCCCUAUCUCACUCUCCUCAG	mir1466	100	-2.8567	3.865923	-5.8226	5.126259
UUCCCUUUGUCAUCCUAUGCCU	mir1467	100	-3.2706	3.292873	-6.76	4.860637
UUCCGCCAGUCGGUGGCCGG	mir1468	100	-6.2986	3.078078	-10.4621	5.10611
UUCCUAUGCAUAUACUUCUUUG	mir1469	100	-2.6798	2.283991	-5.17	2.922153
UUCCUGGGCUUCUCCUCUGUAG	mir1470	100	-5.7325	3.377363	-9.4097	5.065185
UUCCUUCUGUUGUCUGUGCAG	mir1471	100	-4.7744	2.821939	-7.9982	4.004478
UUCGCGGGCGAAGGCAAAGUC	mir1472	100	-5.732	3.018861	-8.8683	3.942191
UUCGGGCUGGCCUGCUGCUCCGG	mir1473	100	-7.9152	3.636028	-12.5457	6.203304
UUCGGUAUACUUUGUGAAUUGG	mir1474	100	-3.8273	2.136179	-6.6576	2.832983
UUCUCAAGAGGGAGGCAAUCAU	mir1475	100	-6.2361	3.562623	-8.965	3.968226
UUCUCCAAAAGAAAGCACUUUCUG	mir1476	100	-3.0163	1.883038	-5.5811	2.572411
UUCUCCCACUACCAGGCUCCCA	mir1477	100	-4.371	3.242784	-8.0361	4.845666
UUCUCGAGGAAAGAAGCACUUUC	mir1478	100	-4.3528	2.260621	-7.0738	2.838661
UUCUCUCUGUCUUUCUCUCUCAG	mir1479	100	-2.9001	3.3345	-5.7382	4.169079
UUCUGCCUCUGUCCAGGUCCUU	mir1480	100	-5.1808	3.079867	-9.0588	4.76143
UUCUGGAAUUCUGUGUGAGGGA	mir1481	100	-5.953	3.145298	-9.1698	3.809138
UUCUUUGUUUUUAAUUCACAG	mir1482	100	-2.1185	2.119334	-4.0317	2.653172
UUGAAAGGCUAUUUCUUGGUC	mir1483	100	-4.0292	2.112771	-6.7436	3.08792
UUGAAGAGGAGGUGCUCUGUAGC	mir1484	100	-7.2698	3.27868	-10.8061	3.691504
UUGAAGGGACAAGUCAGAUAUGCC	mir1485	100	-5.0404	2.653798	-7.8574	3.249961
UUGAGAAUGAUGAAUCAUUAGG	mir1486	100	-2.8346	2.051857	-4.8398	2.55695
UUGAGGAGACAUGGUGGGGGCC	mir1487	100	-8.2695	4.113014	-11.8914	4.540069
UUGAGGGGAGAAUGAGGUGGAGA	mir1488	100	-6.9163	4.95909	-10.1766	5.143649
UUGCACUCUGGCCUUCUCCCAGG	mir1489	100	-5.7753	3.881719	-9.7687	5.534892
UUGCACUUGUCUCAGUGA	mir1490	100	-3.9715	2.26484	-6.7342	3.057171
UUGCAGCUGCCUGGGAGUGACUUC	mir1491	100	-7.8356	2.919359	-12.2316	4.273362
UUGCAGCUGCGGUUGUAAGGU	mir1492	100	-6.3211	2.836846	-9.4767	3.897707
UUGCAUAGUCACAAAAGUGAUC	mir1493	100	-3.4107	1.913099	-6.3329	2.80113
UUGCCACACUGCAACACCUUACA	mir1494	100	-3.5274	2.874328	-6.5048	3.959913
UUGCCAGGGCAGGAGGUGGAA	mir1495	100	-8.3182	4.54846	-12.3617	4.787321
UUGCCUGCCCUCUUCCUCCAG	mir1496	100	-4.0204	3.929177	-7.4131	5.934171
UUGCUAAGUAGGCUGAGAUUGA	mir1497	100	-5.6041	2.576987	-8.542	3.075319
UUGCUAGUUGCACUCCUCUCUGU	mir1498	100	-4.6267	2.625773	-8.4388	4.483001
UUGCUCACUGUUCUUCCCUAG	mir1499	100	-3.7829	3.19119	-7.0989	4.635764
UUGCUCCUGACUCUGUGCCCACA	mir1500	100	-4.9362	3.719634	-8.8617	4.95177
UUGGAAGCUUGGACCAACUAGCUG	mir1501	100	-5.5954	2.739876	-9.1762	4.172685
UUGGAAUAGGGGAUAUCUCAGC	mir1502	100	-5.2405	2.701595	-8.393	3.35388
UUGGACGGUAAGGUUAAGCAA	mir1503	100	-5.1763	2.766926	-7.763	3.506633
UUGGACUUUUUCAGAUUUGGGGAU	mir1504	100	-5.3316	2.603244	-8.5219	3.376604
UUGGAGGCGUGGGUUUU	mir1505	100	-6.0524	3.186649	-8.8945	3.441236
UUGGAGGGUGUGGAAGACAUC	mir1506	100	-6.4816	3.515725	-9.3508	3.273854
UUGGCCACAAUGGGUUAGAAC	mir1507	100	-5.0914	2.307318	-8.2954	3.077459
UUGGCCACCACACCUACCCCUU	mir1508	100	-3.966	3.85464	-6.8931	5.650829
UUGGCCAUGGGGCUGCGCGG	mir1509	100	-7.5409	3.275791	-11.3786	4.690987
UUGGCUGGUCUCUGCUCCGCAG	mir1510	100	-6.6696	3.039582	-10.8286	4.682325
UUGGGAGGGAAGACAGCUGGAGA	mir1511	100	-7.4391	4.460081	-11.0776	4.938178
UUGGGAUCAUUUUGCAUCCAUA	mir1512	100	-4.7101	2.086708	-7.9126	3.194416
UUGGGAUGGUAGGACCAGAGGGG	mir1513	100	-7.5516	4.081301	-11.4374	4.384602
UUGGGGAAACGGCCGCUGAGUG	mir1514	100	-6.879	2.700648	-10.459	3.76847
UUGGGGAUUGGGUCAGGCCAGU	mir1515	100	-7.6709	3.256199	-11.8093	3.870754
UUGGGGGUGAGGUUGGUGUCUGG	mir1516	100	-8.6362	4.548584	-12.6784	4.880605
UUGGGGUUUGGGGUGCAGACAUUGC	mir1517	100	-8.7225	4.052373	-12.7206	4.469156
UUGGGUUUUCUCUUCAAUCCAG	mir1518	100	-3.9982	2.739877	-6.5824	3.453573
UUGUCUCUUGUUCCUCACACAG	mir1519	100	-3.4222	3.303865	-6.4892	4.402687
UUGUCUGCUGAGUUUCC	mir1520	100	-3.8662	2.105052	-6.7733	3.126616
UUGUGAAGAAAGAAAUUCUUA	mir1521	100	-2.4829	1.9031	-4.0813	2.399506
UUGUGCUUGAUCUAACCAUGU	mir1522	100	-3.5461	2.352622	-5.8999	3.164072
UUGUGGAUCUCAAGGAUGUGCU	mir1523	100	-5.4811	2.578581	-8.5661	3.280375
UUGUGGCUGGUCAUGAGGCUAA	mir1524	100	-7.4299	2.748184	-11.033	3.737917
UUGUGGGGUUGGAGAGCUGGCUG	mir1525	100	-8.8083	4.102991	-12.6768	4.483179
UUGUGGGUGGGCAGAAGUCUGU	mir1526	100	-7.467	3.274014	-10.787	3.393194
UUGUGUCAAUAUGCGAUGAUGU	mir1527	100	-3.398	2.010856	-5.6133	2.772306
UUGUGUGAGUACAGAGAGCAUC	mir1528	100	-5.2135	2.805598	-7.9665	3.372424
UUGUUCUCAAACUGGCUGUCAGA	mir1529	100	-4.9437	2.286486	-8.1613	3.111689
UUGUUCUUUGGUCUUUCAGCCA	mir1530	100	-4.442	2.489908	-7.8072	3.566873
UUUAAGAAAACACCAUGGAGAU	mir1531	100	-3.3917	2.052023	-5.8625	2.526512
UUUAAGCAGGAAAUAGAAUUUA	mir1532	100	-3.1971	2.561837	-5.2216	2.956862
UUUAGAGACGGGGUCUUGCUCU	mir1533	100	-6.5212	3.01811	-10.1193	3.529332
UUUAGGAUAAGCUUGACUUUUG	mir1534	100	-3.8112	1.992997	-6.2343	3.084526
UUUCAGAUAACAGUAUUACAU	mir1535	100	-2.5655	2.292556	-4.6661	2.617457
UUUCCCUUCAGAGCCUGGCUUU	mir1536	100	-5.4631	2.8429	-8.9027	3.885687
UUUCCCUUUCCAUCCUGGCAG	mir1537	100	-4.3393	3.331677	-7.1699	4.635922
UUUCCGGCUCGCGUGGGUGUGU	mir1538	100	-7.0209	3.402805	-10.8914	4.538088
UUUCCUACCCUACCUGAAGACU	mir1539	100	-2.963	3.100463	-5.6566	4.350876
UUUCCUCAUAUUCAUUCAGGA	mir1540	100	-2.9973	2.341305	-5.4717	3.207214
UUUCCUCUCUGCCCCAUAGGGUGU	mir1541	100	-5.5335	3.190821	-9.3482	4.817189
UUUCCUGUCCUCCAACCAGACC	mir1542	100	-3.3002	3.514894	-6.1632	4.664028
UUUCUCUCUCCACUUCCUCAG	mir1543	100	-2.5893	3.27309	-5.5847	4.425638
UUUCUUCUUAGACAUGGCAACG	mir1544	100	-3.787	2.137542	-6.5324	2.851612
UUUGAGGCUACAGUGAGAUGUG	mir1545	100	-5.9266	3.052973	-8.8972	3.617108
UUUGGAGAGGUGUACUCCCA	mir1546	100	-6.0548	2.929129	-8.943	3.678697
UUUGGCAAUGGUAGAACUCACACU	mir1547	100	-5.2592	2.358358	-8.1154	3.30044
UUUGGCACUAGCACAUUUUUGCU	mir1548	100	-4.2191	2.041887	-7.6333	3.301852
UUUGGGACUGAUCUUGAUGUCU	mir1549	100	-4.9251	2.405198	-7.9254	3.466539
UUUGGUCCCCUUCAACCAGCUG	mir1550	100	-4.1902	2.67697	-7.1658	3.996298
UUUGUAUGGAUAUGUGUGUGUAU	mir1551	100	-4.2335	2.624646	-6.6715	3.380454
UUUGUUCGUUCGGCUCGCGUGA	mir1552	100	-5.1519	2.82688	-8.1949	3.847751
UUUUAAGGACACUGAGGGAUC	mir1553	100	-5.3871	3.438569	-8.3691	3.747558
UUUUCAACUCUAAUGGGAGAGA	mir1554	100	-4.6315	2.5641	-7.2562	3.160878
UUUUGCAAUAUGUUCCUGAAUA	mir1555	100	-3.2387	2.215691	-5.4995	3.056552
UUUUGCAUGACCCUGGGAGUAGG	mir1556	100	-6.4073	2.485027	-9.541	3.310845
UUUUGCGAUGUGUUCCUAAUAU	mir1557	100	-3.5347	2.070841	-5.8531	2.573742
UUUUGUGUCUCCCAUUCCCCAG	mir1558	100	-3.3911	3.296337	-6.5345	4.849666
